河东,向阳楼,前进新里,59.01,2室1厅1卫,,南 北,无,民水,民电,有,集中供暖,季付,1250,1250,0,需咨询,"['集中供暖', '随时看房']"
武清,南湖,花乡家园,95.00,3室2厅1卫,精装修,南 北,无,民水,民电,有,集中供暖,季付,1200,1200,0,需咨询,"['精装', '集中供暖', '随时看房']"
河西,马场街,中央公馆,41.62,1室1厅1卫,精装修,东,有,民水,民电,无,集中供暖,季付,2000,2000,200,0,"['官方核验', '新上', '近地铁', '精装', '集中供暖', '随时看房']"
宝坻,建设路,建设路小区,115.71,3室1厅1卫,精装修,南 北,无,暂无数据,暂无数据,有,集中供暖,年付,900,900,0,需咨询,"['精装', '集中供暖', '随时看房']"
和平,体育馆街,诚基经贸中心,58.21,1室1厅1卫,精装修,北,有,民水,民电,无,暂无数据,季付,2300,2300,1150,0,"['公寓', '独立卫生间', '月租', '近地铁', '精装', '独立阳台', '随时看房']"
塘沽,工农村,贻锦台,102.28,2室1厅1卫,,南,有,民水,民电,有,集中供暖,季付,3000,3000,0,需咨询,"['集中供暖', '随时看房']"
南开,体育中心街,阳光壹佰北园,102.50,2室1厅1卫,精装修,南,无,民水,民电,有,集中供暖,季付,6600,6600,0,需咨询,"['精装', '集中供暖', '随时看房']"
塘沽,工农村,贻锦台,102.28,2室1厅1卫,,南,有,民水,民电,有,集中供暖,季付,3000,3000,0,需咨询,"['集中供暖', '随时看房']"
和平,体育馆街,诚基经贸中心,58.21,1室1厅1卫,精装修,北,有,民水,民电,无,暂无数据,季付,2300,2300,1150,0,"['公寓', '独立卫生间', '月租', '近地铁', '精装', '独立阳台', '随时看房']"
河西,友谊路,天成公寓,14.00,4室1厅2卫,精装修,南,无,民水,民电,有,集中供暖,月付,1300,1300,135,0,"['公寓', '近地铁', '精装', '独立阳台', '集中供暖', '押一付一', '随时看房']"
河东,中山门街,友爱东里,97.00,2室1厅1卫,精装修,南 北,无,民水,民电,有,集中供暖,季付,2700,2700,0,需咨询,"['精装', '集中供暖', '随时看房']"
滨海新区,汉沽,九龙里,41.00,1室1厅1卫,,南 北,无,民水,民电,有,集中供暖,季付,600,600,0,需咨询,"['集中供暖', '随时看房']"
南开,长虹街,雅园里,39.86,1室1厅1卫,精装修,南,无,民水,民电,有,集中供暖,月付,2446,2446,244.6,0,"['公寓', '近地铁', '精装', '集中供暖', '押一付一', '随时看房']"
北辰,宜兴埠,金地成宁府,10.30,4室1厅1卫,精装修,南,有,民水,民电,有,集中供暖,月付,1081,1081,108.1,0,"['公寓', '近地铁', '精装', '集中供暖', '押一付一', '随时看房']"
南开,广开街,级升里,35.47,1室1厅1卫,精装修,南 北,无,民水,民电,有,集中供暖,季付,2300,2300,0,需咨询,"['近地铁', '精装', '集中供暖', '随时看房']"
河东,富民路,郑庄子大街,50.00,2室1厅1卫,,东,无,暂无数据,暂无数据,有,集中供暖,季付,1600,1600,0,需咨询,['集中供暖']
南开,广开街,级升里,35.47,1室1厅1卫,精装修,南 北,无,民水,民电,有,集中供暖,季付,2300,2300,0,需咨询,"['近地铁', '精装', '集中供暖', '随时看房']"
河东,向阳楼,昕旺北苑,14.50,3室1厅1卫,精装修,南,有,民水,民电,有,集中供暖,月付,1953,1953,195.3,0,"['公寓', '独立卫生间', '近地铁', '精装', '集中供暖', '押一付一']"
北辰,天穆镇,金侨宸公馆,166.00,4室2厅2卫,,南 北,有,民水,民电,有,集中供暖,季付,1600,1600,0,需咨询,"['集中供暖', '双卫生间', '随时看房']"
南开,体育中心街,阳光壹佰北园,102.50,2室1厅1卫,精装修,南,无,民水,民电,有,集中供暖,季付,6600,6600,0,需咨询,"['精装', '集中供暖', '随时看房']"
南开,长虹街,雅园里,39.86,1室1厅1卫,精装修,南,无,民水,民电,有,集中供暖,月付,2446,2446,244.6,0,"['公寓', '近地铁', '精装', '集中供暖', '押一付一', '随时看房']"
南开,王顶堤,春景大厦,285.00,1室1厅1卫,,南,无,暂无数据,暂无数据,有,集中供暖,季付,12000,12000,0,需咨询,"['近地铁', '集中供暖', '随时看房', '非居住房屋']"
南开,广开街,级升里,35.47,1室1厅1卫,精装修,南 北,无,民水,民电,有,集中供暖,季付,2300,2300,0,需咨询,"['近地铁', '精装', '集中供暖', '随时看房']"
东丽,华明镇,华润橡树湾留润轩,7.50,3室1厅1卫,精装修,西,有,民水,民电,有,集中供暖,月付,871,871,87.1,0,"['公寓', '精装', '集中供暖', '押一付一', '随时看房']"
南开,体育中心街,阳光壹佰北园,102.50,2室1厅1卫,精装修,南,无,民水,民电,有,集中供暖,季付,6600,6600,0,需咨询,"['精装', '集中供暖', '随时看房']"
西青,中北镇,富力湾天阔园,13.40,3室1厅1卫,精装修,南,有,民水,民电,有,集中供暖,月付,1354,1354,135.4,0,"['公寓', '精装', '集中供暖', '押一付一']"
河东,富民路,郑庄子大街,50.00,2室1厅1卫,,东,无,暂无数据,暂无数据,有,集中供暖,季付,1600,1600,0,需咨询,['集中供暖']
塘沽,北塘街,碧桂园天樾园,81.00,2室1厅1卫,,南 北,无,民水,民电,有,集中供暖,季付,800,800,0,需咨询,['集中供暖']
南开,万兴街,三潭东里,30.73,1室1厅1卫,精装修,南,无,民水,民电,有,集中供暖,季付,2800,2800,0,需咨询,"['近地铁', '精装', '集中供暖', '随时看房']"
武清,杨村,雅静园,86.00,2室1厅1卫,,南,有,民水,民电,有,集中供暖,季付,1200,1200,0,需咨询,['集中供暖']
塘沽,北塘街,碧桂园天樾园,81.00,2室1厅1卫,,南 北,无,民水,民电,有,集中供暖,季付,800,800,0,需咨询,['集中供暖']
武清,静湖,东澳广场,41.24,1室1厅1卫,,南,有,商水,商电,有,集中供暖,季付,600,600,0,需咨询,"['集中供暖', '随时看房', '非居住房屋']"
和平,体育馆街,诚基经贸中心,58.21,1室1厅1卫,精装修,北,有,民水,民电,无,暂无数据,季付,2300,2300,1150,0,"['公寓', '独立卫生间', '月租', '近地铁', '精装', '独立阳台', '随时看房']"
南开,万兴街,三潭东里,30.73,1室1厅1卫,精装修,南,无,民水,民电,有,集中供暖,季付,2800,2800,0,需咨询,"['近地铁', '精装', '集中供暖', '随时看房']"
塘沽,北塘街,碧桂园天樾园,81.00,2室1厅1卫,,南 北,无,民水,民电,有,集中供暖,季付,800,800,0,需咨询,['集中供暖']
西青,中北镇,富力湾天阔园,13.40,3室1厅1卫,精装修,南,有,民水,民电,有,集中供暖,月付,1354,1354,135.4,0,"['公寓', '精装', '集中供暖', '押一付一']"
和平,体育馆街,诚基经贸中心,58.21,1室1厅1卫,精装修,北,有,民水,民电,无,暂无数据,季付,2300,2300,1150,0,"['公寓', '独立卫生间', '月租', '近地铁', '精装', '独立阳台', '随时看房']"
东丽,空港经济区,海航YOHO,50.98,2室1厅2卫,精装修,南,有,商水,商电,无,集中供暖,季付,1850,1850,185,0,"['精装', '集中供暖', '双卫生间', '随时看房', '非居住房屋']"
西青,精武镇,盛兴佳园,14.20,4室1厅1卫,精装修,南,有,民水,民电,有,集中供暖,月付,1039,1039,103.9,0,"['公寓', '精装', '集中供暖', '押一付一']"
南开,王顶堤,华宁北里,38.27,1室1厅1卫,精装修,南,无,民水,民电,有,集中供暖,月付,2614,2614,261.4,0,"['公寓', '近地铁', '精装', '集中供暖', '押一付一']"
津南,咸水沽,富力又一城合雅园,80.00,2室1厅1卫,,南,有,民水,民电,有,集中供暖,季付,1700,1700,0,需咨询,['集中供暖']
武清,高村,首创国际半岛采薇雅苑,86.43,2室1厅1卫,精装修,南,有,民水,民电,有,自采暖,季付,1500,1500,0,需咨询,"['精装', '随时看房']"
南开,万兴街,三潭东里,30.73,1室1厅1卫,精装修,南,无,民水,民电,有,集中供暖,季付,2800,2800,0,需咨询,"['近地铁', '精装', '集中供暖', '随时看房']"
南开,长虹街,雅园里,39.86,1室1厅1卫,精装修,南,无,民水,民电,有,集中供暖,月付,2446,2446,244.6,0,"['公寓', '近地铁', '精装', '集中供暖', '押一付一', '随时看房']"
津南,双林,象博豪庭,8.60,4室1厅1卫,精装修,北,有,民水,民电,有,集中供暖,月付,976,976,97.6,0,"['公寓', '精装', '集中供暖', '押一付一', '随时看房']"
武清,高村,首创国际半岛采薇雅苑,86.43,2室1厅1卫,精装修,南,有,民水,民电,有,自采暖,季付,1500,1500,0,需咨询,"['精装', '随时看房']"
武清,杨村,雅静园,86.00,2室1厅1卫,,南,有,民水,民电,有,集中供暖,季付,1200,1200,0,需咨询,['集中供暖']
静海,团泊东,富力新城,90.68,3室2厅1卫,,南 北,有,民水,民电,有,自采暖,季付,1000,1000,0,需咨询,['随时看房']
北辰,宜兴埠,金地成宁府,10.30,4室1厅1卫,精装修,南,有,民水,民电,有,集中供暖,月付,1081,1081,108.1,0,"['公寓', '近地铁', '精装', '集中供暖', '押一付一', '随时看房']"
西青,中北镇,富力湾天阔园,13.40,3室1厅1卫,精装修,南,有,民水,民电,有,集中供暖,月付,1354,1354,135.4,0,"['公寓', '精装', '集中供暖', '押一付一']"
静海,团泊东,富力云景庭苑,115.00,3室1厅2卫,,南 北,无,暂无数据,暂无数据,有,集中供暖,季付,1200,1200,0,需咨询,"['集中供暖', '双卫生间', '随时看房']"
河东,二号桥街,河东融科瀚棠,17.00,3室1厅1卫,精装修,南,有,民水,民电,有,集中供暖,月付,1300,1300,130,0,"['公寓', '月租', '精装', '集中供暖', '押一付一', '随时看房']"
河西,友谊路,天成公寓,14.00,4室1厅2卫,精装修,南,无,民水,民电,有,集中供暖,月付,1300,1300,135,0,"['公寓', '近地铁', '精装', '独立阳台', '集中供暖', '押一付一', '随时看房']"
西青,中北镇,天津东方环球影城,13.60,3室1厅1卫,精装修,南,有,民水,商电,有,集中供暖,月付,1249,1249,124.9,0,"['公寓', '精装', '集中供暖', '押一付一']"
南开,广开街,级升里,35.47,1室1厅1卫,精装修,南 北,无,民水,民电,有,集中供暖,季付,2300,2300,0,需咨询,"['近地铁', '精装', '集中供暖', '随时看房']"
西青,精武镇,万科翡翠大道,9.10,4室1厅1卫,精装修,南,有,民水,民电,有,集中供暖,月付,1354,1354,135.4,0,"['公寓', '月租', '近地铁', '精装', '集中供暖', '押一付一', '随时看房']"
河东,太阳城,路劲太阳城皓阳园,15.00,3室1厅1卫,精装修,南,有,民水,民电,有,集中供暖,月付,1100,1100,110,0,"['公寓', '月租', '近地铁', '精装', '集中供暖', '押一付一']"
塘沽,工农村,贻锦台,102.28,2室1厅1卫,,南,有,民水,民电,有,集中供暖,季付,3000,3000,0,需咨询,"['集中供暖', '随时看房']"
宝坻,潮阳大道,金地·新城大境,42.00,1室1厅1卫,,南,有,商水,商电,有,集中供暖,年付,1100,1100,0,需咨询,"['集中供暖', '非居住房屋']"
塘沽,北塘街,碧桂园天樾园,81.00,2室1厅1卫,,南 北,无,民水,民电,有,集中供暖,季付,800,800,0,需咨询,['集中供暖']
河西,大营门,东莱里,14.70,2室1厅1卫,精装修,南,无,民水,民电,有,集中供暖,月付,1848,1848,184.8,0,"['公寓', '近地铁', '精装', '集中供暖', '押一付一', '随时看房']"
东丽,万新街,胜林北苑,58.00,1室1厅1卫,,南,无,暂无数据,暂无数据,暂无数据,暂无数据,季付,750,750,0,需咨询,[]
津南,咸水沽,华远景瑞海蓝城,96.00,3室2厅1卫,精装修,南 北,有,民水,民电,有,集中供暖,半年付,1800,1800,0,需咨询,"['精装', '集中供暖', '随时看房']"
东丽,华明镇,大唐印象,9.00,4室1厅1卫,精装修,北,有,民水,民电,有,集中供暖,月付,829,829,82.9,0,"['公寓', '精装', '集中供暖', '押一付一']"
南开,长虹街,雅园里,39.86,1室1厅1卫,精装修,南,无,民水,民电,有,集中供暖,月付,2446,2446,244.6,0,"['公寓', '近地铁', '精装', '集中供暖', '押一付一', '随时看房']"
静海,团泊东,富力新城,90.68,3室2厅1卫,,南 北,有,民水,民电,有,自采暖,季付,1000,1000,0,需咨询,['随时看房']
南开,体育中心街,阳光壹佰北园,102.50,2室1厅1卫,精装修,南,无,民水,民电,有,集中供暖,季付,6600,6600,0,需咨询,"['精装', '集中供暖', '随时看房']"
塘沽,北塘街,碧桂园天樾园,81.00,2室1厅1卫,,南 北,无,民水,民电,有,集中供暖,季付,800,800,0,需咨询,['集中供暖']
河东,二号桥街,河东融科瀚棠,17.00,3室1厅1卫,精装修,南,有,民水,民电,有,集中供暖,月付,1300,1300,130,0,"['公寓', '月租', '精装', '集中供暖', '押一付一', '随时看房']"
西青,中北镇,富力湾天阔园,50.00,1室0厅1卫,,南,无,民水,民电,有,集中供暖,半年付,4500,4500,0,需咨询,"['集中供暖', '非居住房屋']"
南开,学府街,馨达园(南开区),230.00,4室2厅2卫,,东南,有,民水,民电,有,集中供暖,半年付,7500,7500,0,需咨询,"['近地铁', '集中供暖', '双卫生间']"
河西,大营门,平安大厦,219.71,1室0厅0卫,精装修,南,有,暂无数据,暂无数据,无,自采暖,季付,20975,20975,0,需咨询,"['近地铁', '精装']"
西青,精武镇,万科翡翠大道,9.10,4室1厅1卫,精装修,南,有,民水,民电,有,集中供暖,月付,1354,1354,135.4,0,"['公寓', '月租', '近地铁', '精装', '集中供暖', '押一付一', '随时看房']"
南开,万兴街,三潭东里,30.73,1室1厅1卫,精装修,南,无,民水,民电,有,集中供暖,季付,2800,2800,0,需咨询,"['近地铁', '精装', '集中供暖', '随时看房']"
武清,杨村,雅静园,86.00,2室1厅1卫,,南,有,民水,民电,有,集中供暖,季付,1200,1200,0,需咨询,['集中供暖']
西青,中北镇,富力湾天阔园,50.00,1室0厅1卫,,南,无,民水,民电,有,集中供暖,半年付,4500,4500,0,需咨询,"['集中供暖', '非居住房屋']"
武清,杨村,雅静园,86.00,2室1厅1卫,,南,有,民水,民电,有,集中供暖,季付,1200,1200,0,需咨询,['集中供暖']
武清,东蒲洼街,悦光年,50.00,1室1厅0卫,,南,有,商水,商电,无,集中供暖,季付,800,800,0,需咨询,"['集中供暖', '随时看房', '非居住房屋']"
西青,张家窝,金融街融汇,12.00,3室1厅1卫,精装修,南,有,民水,民电,有,集中供暖,月付,1848,1848,184.8,0,"['公寓', '独立卫生间', '精装', '集中供暖', '押一付一', '随时看房']"
静海,团泊东,富力新城,90.68,3室2厅1卫,,南 北,有,民水,民电,有,自采暖,季付,1000,1000,0,需咨询,['随时看房']
河东,太阳城,路劲太阳城皓阳园,15.00,3室1厅1卫,精装修,南,有,民水,民电,有,集中供暖,月付,1100,1100,110,0,"['公寓', '月租', '近地铁', '精装', '集中供暖', '押一付一']"
津南,咸水沽,华远景瑞海蓝城,96.00,3室2厅1卫,精装修,南 北,有,民水,民电,有,集中供暖,半年付,1800,1800,0,需咨询,"['精装', '集中供暖', '随时看房']"
西青,大寺,远洋万和城,95.00,2室1厅1卫,精装修,南,有,民水,民电,有,集中供暖,季付,3000,3000,0,需咨询,"['精装', '集中供暖']"
和平,体育馆街,诚基经贸中心,58.21,1室1厅1卫,精装修,北,有,民水,民电,无,暂无数据,季付,2300,2300,1150,0,"['公寓', '独立卫生间', '月租', '近地铁', '精装', '独立阳台', '随时看房']"
武清,静湖,紫韵枫尚,83.88,2室1厅1卫,,南,有,民水,民电,有,集中供暖,季付,1030,1030,103,0,"['新上', '集中供暖', '随时看房']"
东丽,张贵庄,詹滨西里,13.40,3室1厅1卫,精装修,北,无,民水,民电,有,集中供暖,月付,1186,1186,118.6,0,"['公寓', '近地铁', '精装', '独立阳台', '集中供暖', '押一付一']"
南开,体育中心街,山海天家园,172.00,3室2厅2卫,,南 北,有,民水,民电,有,集中供暖,季付,8000,8000,0,需咨询,"['近地铁', '集中供暖', '双卫生间', '随时看房']"
北辰,宜兴埠,金地艺城华府北润华庭,82.00,2室1厅1卫,精装修,南,有,民水,民电,有,集中供暖,季付,2100,2100,0,需咨询,"['精装', '集中供暖']"
北辰,天穆镇,正荣府,7.83,5室1厅1卫,精装修,北,有,民水,民电,有,集中供暖,月付,829,829,82.9,0,"['公寓', '近地铁', '精装', '集中供暖', '押一付一', '随时看房']"
武清,高村,首创国际半岛采薇雅苑,86.43,2室1厅1卫,精装修,南,有,民水,民电,有,自采暖,季付,1500,1500,0,需咨询,"['精装', '随时看房']"
静海,团泊东,富力云景庭苑,115.00,3室1厅2卫,,南 北,无,暂无数据,暂无数据,有,集中供暖,季付,1200,1200,0,需咨询,"['集中供暖', '双卫生间', '随时看房']"
南开,体育中心街,阳光壹佰北园,102.50,2室1厅1卫,精装修,南,无,民水,民电,有,集中供暖,季付,6600,6600,0,需咨询,"['精装', '集中供暖', '随时看房']"
西青,中北镇,富力湾天阔园,50.00,1室0厅1卫,,南,无,民水,民电,有,集中供暖,半年付,4500,4500,0,需咨询,"['集中供暖', '非居住房屋']"
南开,长虹街,雅园里,39.86,1室1厅1卫,精装修,南,无,民水,民电,有,集中供暖,月付,2446,2446,244.6,0,"['公寓', '近地铁', '精装', '集中供暖', '押一付一', '随时看房']"
静海,团泊东,富力新城,90.68,3室2厅1卫,,南 北,有,民水,民电,有,自采暖,季付,1000,1000,0,需咨询,['随时看房']
河西,尖山,洪泽花园,85.00,2室1厅1卫,,东 西,无,民水,民电,有,集中供暖,年付,6800,6800,0,需咨询,"['近地铁', '集中供暖']"
河西,尖山,洪泽花园,85.00,2室1厅1卫,,东 西,无,民水,民电,有,集中供暖,年付,6800,6800,0,需咨询,"['近地铁', '集中供暖']"
塘沽,向阳街,佳源·观城,91.00,2室1厅1卫,,南 北,有,暂无数据,暂无数据,有,集中供暖,季付,1500,1500,0,需咨询,"['月租', '集中供暖', '随时看房']"
北辰,宜兴埠,荔红花园,8.28,3室1厅1卫,精装修,北,有,民水,民电,有,集中供暖,月付,903,903,90.3,0,"['公寓', '近地铁', '精装', '集中供暖', '押一付一', '随时看房']"
河西,大营门,平安大厦,219.71,1室0厅0卫,精装修,南,有,暂无数据,暂无数据,无,自采暖,季付,20975,20975,0,需咨询,"['近地铁', '精装']"
河东,太阳城,太阳城皓阳园,8.00,3室1厅1卫,精装修,北,有,民水,民电,有,集中供暖,月付,976,976,97.6,0,"['公寓', '精装', '集中供暖', '押一付一', '随时看房']"
西青,张家窝,中骏雍景府,8.25,4室1厅1卫,精装修,南,有,民水,民电,有,集中供暖,月付,871,871,87.1,0,"['公寓', '精装', '集中供暖', '押一付一', '随时看房']"
河东,二号桥街,河东融科瀚棠,17.00,3室1厅1卫,精装修,南,有,民水,民电,有,集中供暖,月付,1300,1300,130,0,"['公寓', '月租', '精装', '集中供暖', '押一付一', '随时看房']"
北辰,宜兴埠,金地艺城华府北润华庭,82.00,2室1厅1卫,精装修,南,有,民水,民电,有,集中供暖,季付,2100,2100,0,需咨询,"['精装', '集中供暖']"
和平,南营门街,文化村,30.00,1室1厅1卫,精装修,南,无,民水,民电,有,集中供暖,季付,2100,2100,210,0,"['新上', '近地铁', '精装', '集中供暖', '随时看房']"
西青,中北镇,富力湾天阔园,50.00,1室0厅1卫,,南,无,民水,民电,有,集中供暖,半年付,4500,4500,0,需咨询,"['集中供暖', '非居住房屋']"
北辰,小淀镇,融创津宸壹号,105.90,3室2厅1卫,,南 北,无,民水,民电,有,集中供暖,需咨询,1000,1000,0,需咨询,"['业主自荐', '集中供暖']"
武清,南湖,逸溪苑,118.73,3室2厅2卫,精装修,南,有,暂无数据,暂无数据,有,集中供暖,季付,1000,1000,0,需咨询,"['精装', '集中供暖', '双卫生间', '随时看房']"
东丽,新立街,民航小区,64.00,2室1厅1卫,,南 北,无,暂无数据,暂无数据,暂无数据,暂无数据,需咨询,1700,1700,0,需咨询,['近地铁']
津南,海河教育园区,天悦风华,15.00,3室1厅1卫,精装修,南,有,民水,民电,有,集中供暖,月付,1218,1218,121.8,0,"['公寓', '近地铁', '精装', '集中供暖', '押一付一', '随时看房']"
河西,马场街,四化里(河西),14.00,2室1厅1卫,精装修,北,无,民水,民电,有,集中供暖,月付,1564,1564,156.4,0,"['公寓', '精装', '集中供暖', '押一付一']"
南开,体育中心街,阳光壹佰北园,102.50,2室1厅1卫,精装修,南,无,民水,民电,有,集中供暖,季付,6600,6600,0,需咨询,"['精装', '集中供暖', '随时看房']"
河东,二号桥街,河东融科瀚棠,17.00,3室1厅1卫,精装修,南,有,民水,民电,有,集中供暖,月付,1300,1300,130,0,"['公寓', '月租', '精装', '集中供暖', '押一付一', '随时看房']"
南开,长虹街,雅园里,39.86,1室1厅1卫,精装修,南,无,民水,民电,有,集中供暖,月付,2446,2446,244.6,0,"['公寓', '近地铁', '精装', '集中供暖', '押一付一', '随时看房']"
南开,王顶堤,华宁北里,38.27,1室1厅1卫,精装修,南,无,民水,民电,有,集中供暖,月付,2614,2614,261.4,0,"['公寓', '近地铁', '精装', '集中供暖', '押一付一']"
南开,王顶堤,堤翠家园,11.02,3室1厅1卫,精装修,南,有,民水,民电,有,集中供暖,月付,1428,1428,142.8,0,"['公寓', '近地铁', '精装', '集中供暖', '押一付一']"
静海,团泊东,富力云景庭苑,115.00,3室1厅2卫,,南 北,无,暂无数据,暂无数据,有,集中供暖,季付,1200,1200,0,需咨询,"['集中供暖', '双卫生间', '随时看房']"
河西,尖山,洪泽花园,85.00,2室1厅1卫,,东 西,无,民水,民电,有,集中供暖,年付,6800,6800,0,需咨询,"['近地铁', '集中供暖']"
河西,大营门,平安大厦,219.71,1室0厅0卫,精装修,南,有,暂无数据,暂无数据,无,自采暖,季付,20975,20975,0,需咨询,"['近地铁', '精装']"
武清,静湖,静湖花园东区,69.12,1室1厅1卫,精装修,南,有,民水,民电,有,集中供暖,季付,1000,1000,0,需咨询,"['精装', '集中供暖', '随时看房']"
津南,双港,金地格林世界棕榈苑D区,73.00,1室1厅1卫,精装修,南 北,有,民水,民电,有,集中供暖,季付,2300,2300,0,需咨询,"['精装', '集中供暖', '随时看房']"
南开,王顶堤,堤翠家园,11.02,3室1厅1卫,精装修,南,有,民水,民电,有,集中供暖,月付,1428,1428,142.8,0,"['公寓', '近地铁', '精装', '集中供暖', '押一付一']"
西青,张家窝,海泰都市汇,45.15,1室0厅0卫,精装修,南,有,暂无数据,暂无数据,无,集中供暖,季付,1380,1380,0,需咨询,"['精装', '集中供暖', '非居住房屋']"
武清,高村,首创国际半岛采薇雅苑,86.43,2室1厅1卫,精装修,南,有,民水,民电,有,自采暖,季付,1500,1500,0,需咨询,"['精装', '随时看房']"
武清,静湖,静湖花园东区,69.12,1室1厅1卫,精装修,南,有,民水,民电,有,集中供暖,季付,1000,1000,0,需咨询,"['精装', '集中供暖', '随时看房']"
河西,尖山,天物郁江溪岸,7.30,3室1厅1卫,精装修,北,有,民水,民电,有,集中供暖,月付,1144,1144,114.4,0,"['公寓', '精装', '集中供暖', '押一付一', '随时看房']"
河西,陈塘庄,中海寰宇天下,11.00,3室1厅1卫,精装修,南,有,民水,民电,有,集中供暖,月付,1200,1200,120,0,"['公寓', '月租', '近地铁', '精装', '集中供暖', '押一付一', '随时看房']"
武清,武清其它,亿博香墅里,179.34,3室2厅3卫,,南 北,有,暂无数据,暂无数据,暂无数据,集中供暖,半年付,800,800,0,需咨询,['集中供暖']
津南,辛庄,美的云熙府,105.00,3室2厅2卫,精装修,东南,无,民水,民电,有,集中供暖,需咨询,2900,2900,0,需咨询,"['精装', '集中供暖', '双卫生间']"
河西,尖山,洪泽花园,85.00,2室1厅1卫,,东 西,无,民水,民电,有,集中供暖,年付,6800,6800,0,需咨询,"['近地铁', '集中供暖']"
西青,精武镇,保利·和光尘樾,78.60,2室1厅1卫,精装修,南 北,有,民水,民电,有,集中供暖,季付,2500,2500,250,0,"['新上', '近地铁', '精装', '集中供暖', '随时看房']"
和平,体育馆街,诚基经贸中心,50.20,1室1厅1卫,精装修,南,有,民水,民电,无,集中供暖,月付,3391,3391,339.1,0,"['公寓', '近地铁', '精装', '集中供暖', '押一付一']"
北辰,宜兴埠,金地艺城华府北润华庭,5.90,4室1厅1卫,精装修,北,有,民水,民电,有,集中供暖,月付,766,766,76.6,0,"['公寓', '近地铁', '精装', '集中供暖', '押一付一']"
南开,长虹街,雅园里,39.86,1室1厅1卫,精装修,南,无,民水,民电,有,集中供暖,月付,2446,2446,244.6,0,"['公寓', '近地铁', '精装', '集中供暖', '押一付一', '随时看房']"
津南,辛庄,美的云熙府,105.00,3室2厅2卫,精装修,东南,无,民水,民电,有,集中供暖,需咨询,2900,2900,0,需咨询,"['精装', '集中供暖', '双卫生间']"
河北,新开河,盛和家园,53.30,1室1厅1卫,精装修,南,有,民水,民电,有,集中供暖,季付,1400,1400,0,需咨询,"['精装', '集中供暖', '随时看房']"
武清,高村,首创国际半岛采薇雅苑,86.43,2室1厅1卫,精装修,南,有,民水,民电,有,自采暖,季付,1500,1500,0,需咨询,"['精装', '随时看房']"
静海,团泊东,富力云景庭苑,115.00,3室1厅2卫,,南 北,无,暂无数据,暂无数据,有,集中供暖,季付,1200,1200,0,需咨询,"['集中供暖', '双卫生间', '随时看房']"
塘沽,北塘街,碧桂园天樾园,81.00,2室1厅1卫,,南 北,无,民水,民电,有,集中供暖,季付,800,800,0,需咨询,['集中供暖']
塘沽,向阳街,佳源·观城,91.00,2室1厅1卫,,南 北,有,暂无数据,暂无数据,有,集中供暖,季付,1500,1500,0,需咨询,"['月租', '集中供暖', '随时看房']"
西青,大寺,远洋万和城,95.00,2室1厅1卫,精装修,南,有,民水,民电,有,集中供暖,季付,3000,3000,0,需咨询,"['精装', '集中供暖']"
西青,张家窝,金融街融汇,12.00,3室1厅1卫,精装修,南,有,民水,民电,有,集中供暖,月付,1848,1848,184.8,0,"['公寓', '独立卫生间', '精装', '集中供暖', '押一付一', '随时看房']"
津南,双港,金地格林世界棕榈苑D区,73.00,1室1厅1卫,精装修,南 北,有,民水,民电,有,集中供暖,季付,2300,2300,0,需咨询,"['精装', '集中供暖', '随时看房']"
武清,静湖,静湖花园东区,69.12,1室1厅1卫,精装修,南,有,民水,民电,有,集中供暖,季付,1000,1000,0,需咨询,"['精装', '集中供暖', '随时看房']"
北辰,双街,融创东岸名郡,97.80,3室2厅1卫,,南 北,有,民水,民电,有,集中供暖,季付,600,600,0,需咨询,['集中供暖']
南开,王顶堤,华宁北里,38.27,1室1厅1卫,精装修,南,无,民水,民电,有,集中供暖,月付,2614,2614,261.4,0,"['公寓', '近地铁', '精装', '集中供暖', '押一付一']"
东丽,东丽湖,东丽湖万科城阅桦苑,91.55,2室2厅1卫,,南 北,有,民水,民电,有,集中供暖,季付,1300,1300,0,需咨询,"['集中供暖', '随时看房']"
北辰,双街,融创东岸名郡,97.80,3室2厅1卫,,南 北,有,民水,民电,有,集中供暖,季付,600,600,0,需咨询,['集中供暖']
塘沽,向阳街,佳源·观城,91.00,2室1厅1卫,,南 北,有,暂无数据,暂无数据,有,集中供暖,季付,1500,1500,0,需咨询,"['月租', '集中供暖', '随时看房']"
津南,双港,金地格林世界棕榈苑D区,73.00,1室1厅1卫,精装修,南 北,有,民水,民电,有,集中供暖,季付,2300,2300,0,需咨询,"['精装', '集中供暖', '随时看房']"
静海,团泊东,富力云景庭苑,115.00,3室1厅2卫,,南 北,无,暂无数据,暂无数据,有,集中供暖,季付,1200,1200,0,需咨询,"['集中供暖', '双卫生间', '随时看房']"
津南,辛庄,大华·国展公园世家,75.00,2室1厅1卫,,南,无,暂无数据,暂无数据,有,集中供暖,季付,1750,1750,0,需咨询,"['近地铁', '集中供暖', '随时看房']"
河东,春华街,鑫泰家园,166.00,5室2厅4卫,精装修,南,无,民水,民电,有,集中供暖,季付,5200,5200,0,需咨询,"['近地铁', '精装', '集中供暖']"
河北,望海楼,金波里,50.70,1室1厅1卫,精装修,南,无,暂无数据,暂无数据,有,集中供暖,季付,1800,1800,0,需咨询,"['近地铁', '精装', '集中供暖', '随时看房']"
武清,静湖,静湖花园东区,96.00,2室1厅1卫,,南 北,无,暂无数据,暂无数据,有,集中供暖,年付,800,800,0,需咨询,"['集中供暖', '随时看房']"
滨海新区,中新生态城,力高二期逸海苑,74.00,2室2厅1卫,精装修,南,有,暂无数据,民电,有,集中供暖,季付,1400,1400,0,需咨询,"['精装', '集中供暖', '随时看房']"
和平,体育馆街,诚基经贸中心,58.21,1室1厅1卫,精装修,北,有,民水,民电,无,暂无数据,季付,2300,2300,1150,0,"['公寓', '独立卫生间', '月租', '近地铁', '精装', '独立阳台', '随时看房']"
红桥,咸阳北路,本溪楼,62.00,2室1厅1卫,精装修,南 北,无,民水,民电,有,集中供暖,季付,1600,1600,0,需咨询,"['精装', '集中供暖', '随时看房']"
塘沽,向阳街,佳源·观城,91.00,2室1厅1卫,,南 北,有,暂无数据,暂无数据,有,集中供暖,季付,1500,1500,0,需咨询,"['月租', '集中供暖', '随时看房']"
南开,王顶堤,融创中心,45.00,1室1厅1卫,精装修,西,有,商水,商电,有,集中供暖,月付,3076,3076,307.6,0,"['公寓', '近地铁', '精装', '集中供暖', '押一付一']"
河东,二号桥街,河东融科瀚棠,17.00,3室1厅1卫,精装修,南,有,民水,民电,有,集中供暖,月付,1300,1300,130,0,"['公寓', '月租', '精装', '集中供暖', '押一付一', '随时看房']"
西青,张家窝,海泰都市汇,45.15,1室0厅0卫,精装修,南,有,暂无数据,暂无数据,无,集中供暖,季付,1380,1380,0,需咨询,"['精装', '集中供暖', '非居住房屋']"
西青,大寺,远洋万和城,95.00,2室1厅1卫,精装修,南,有,民水,民电,有,集中供暖,季付,3000,3000,0,需咨询,"['精装', '集中供暖']"
津南,辛庄,大华·国展公园世家,75.00,2室1厅1卫,,南,无,暂无数据,暂无数据,有,集中供暖,季付,1750,1750,0,需咨询,"['近地铁', '集中供暖', '随时看房']"
静海,团泊东,招商果岭,93.12,3室2厅1卫,,南 北,有,民水,民电,有,集中供暖,季付,500,500,0,需咨询,['集中供暖']
东丽,东丽湖,恒大翡翠华庭,87.00,2室1厅1卫,,南 北,有,民水,民电,有,集中供暖,季付,600,600,0,需咨询,['集中供暖']
北辰,双街,融创东岸名郡,97.80,3室2厅1卫,,南 北,有,民水,民电,有,集中供暖,季付,600,600,0,需咨询,['集中供暖']
南开,王顶堤,堤翠家园,11.02,3室1厅1卫,精装修,南,有,民水,民电,有,集中供暖,月付,1428,1428,142.8,0,"['公寓', '近地铁', '精装', '集中供暖', '押一付一']"
塘沽,新港,贻芳嘉园,108.00,2室2厅1卫,精装修,南 北,有,民水,民电,有,集中供暖,季付,2300,2300,0,需咨询,"['精装', '集中供暖', '随时看房']"
津南,海河教育园区,天悦风华,15.00,3室1厅1卫,精装修,南,有,民水,民电,有,集中供暖,月付,1218,1218,121.8,0,"['公寓', '近地铁', '精装', '集中供暖', '押一付一', '随时看房']"
武清,下朱庄,云舒花园,99.62,2室1厅1卫,,南 北,有,暂无数据,暂无数据,有,集中供暖,半年付,500,500,0,需咨询,"['集中供暖', '随时看房']"
河东,太阳城,太阳城皓阳园,8.00,3室1厅1卫,精装修,北,有,民水,民电,有,集中供暖,月付,976,976,97.6,0,"['公寓', '精装', '集中供暖', '押一付一', '随时看房']"
和平,新兴街,振河里,40.43,1室1厅1卫,精装修,南,无,民水,民电,有,集中供暖,月付,2793,2793,279.3,0,"['公寓', '近地铁', '精装', '集中供暖', '押一付一', '随时看房']"
北辰,瑞景居住区,瑞宁嘉园,9.90,3室1厅1卫,精装修,北,无,民水,民电,有,集中供暖,月付,1039,1039,103.9,0,"['公寓', '近地铁', '精装', '集中供暖', '押一付一']"
西青,张家窝,融侨方圆,89.26,3室1厅1卫,,东南,有,民水,民电,有,集中供暖,季付,1500,1500,0,需咨询,['集中供暖']
静海,团泊东,光耀雅苑,234.61,4室2厅3卫,精装修,南,无,暂无数据,暂无数据,有,集中供暖,年付,4200,4200,0,需咨询,"['精装', '集中供暖', '随时看房']"
武清,杨村,工商局宿舍楼,107.16,3室1厅1卫,,南 北,无,暂无数据,民电,有,集中供暖,季付,950,950,0,需咨询,['集中供暖']
河西,挂甲寺,国华大厦,120.00,1室1厅1卫,,东,有,商水,商电,无,集中供暖,季付,8900,8900,0,需咨询,"['近地铁', '集中供暖', '非居住房屋']"
武清,武清其它,麒麟公馆,45.00,1室1厅1卫,精装修,南,有,商水,商电,有,集中供暖,季付,1600,1600,0,需咨询,"['精装', '集中供暖', '随时看房', '非居住房屋']"
塘沽,工农村,贻锦台,102.28,2室1厅1卫,,南,有,民水,民电,有,集中供暖,季付,3000,3000,0,需咨询,"['集中供暖', '随时看房']"
河西,友谊路,津铁和苑,12.00,3室1厅1卫,精装修,东南,有,民水,民电,有,集中供暖,月付,1250,1250,125,0,"['公寓', '近地铁', '精装', '集中供暖', '押一付一', '随时看房', '非居住房屋']"
西青,张家窝,万科四季文园,9.00,3室1厅2卫,精装修,北,无,民水,民电,有,集中供暖,月付,903,903,90.3,0,"['公寓', '精装', '集中供暖', '押一付一']"
河西,陈塘庄,中海寰宇天下,11.00,3室1厅1卫,精装修,南,有,民水,民电,有,集中供暖,月付,1200,1200,120,0,"['公寓', '月租', '近地铁', '精装', '集中供暖', '押一付一', '随时看房']"
河西,陈塘庄,中海寰宇天下,11.00,3室1厅1卫,精装修,南,有,民水,民电,有,集中供暖,月付,1200,1200,120,0,"['公寓', '月租', '近地铁', '精装', '集中供暖', '押一付一', '随时看房']"
津南,咸水沽,新城吾悦广场,12.90,4室1厅1卫,精装修,南,有,民水,民电,有,集中供暖,月付,1144,1144,114.4,0,"['公寓', '近地铁', '精装', '集中供暖', '押一付一']"
东丽,东丽湖,东丽湖万科城阅桦苑,91.55,2室2厅1卫,,南 北,有,民水,民电,有,集中供暖,季付,1300,1300,0,需咨询,"['集中供暖', '随时看房']"
河西,友谊路,天成公寓,14.00,4室1厅2卫,精装修,南,无,民水,民电,有,集中供暖,月付,1300,1300,135,0,"['公寓', '近地铁', '精装', '独立阳台', '集中供暖', '押一付一', '随时看房']"
南开,广开街,级升里,35.47,1室1厅1卫,精装修,南 北,无,民水,民电,有,集中供暖,季付,2300,2300,0,需咨询,"['近地铁', '精装', '集中供暖', '随时看房']"
北辰,瑞景居住区,瑞宁嘉园,9.90,3室1厅1卫,精装修,北,无,民水,民电,有,集中供暖,月付,1039,1039,103.9,0,"['公寓', '近地铁', '精装', '集中供暖', '押一付一']"
河西,陈塘庄,中海寰宇天下,11.00,3室1厅1卫,精装修,南,有,民水,民电,有,集中供暖,月付,1200,1200,120,0,"['公寓', '月租', '近地铁', '精装', '集中供暖', '押一付一', '随时看房']"
红桥,咸阳北路,凤城楼,31.00,1室1厅1卫,精装修,南,无,民水,民电,有,集中供暖,月付,2268,2268,226.8,0,"['公寓', '近地铁', '精装', '集中供暖', '押一付一', '随时看房']"
北辰,宜兴埠,金地成宁府,10.30,4室1厅1卫,精装修,南,有,民水,民电,有,集中供暖,月付,1081,1081,108.1,0,"['公寓', '近地铁', '精装', '集中供暖', '押一付一', '随时看房']"
武清,下朱庄,云舒花园,99.62,2室1厅1卫,,南 北,有,暂无数据,暂无数据,有,集中供暖,半年付,500,500,0,需咨询,"['集中供暖', '随时看房']"
东丽,东丽湖,恒大翡翠华庭,87.00,2室1厅1卫,,南 北,有,民水,民电,有,集中供暖,季付,600,600,0,需咨询,['集中供暖']
河西,陈塘庄,中海寰宇天下,11.00,3室1厅1卫,精装修,南,有,民水,民电,有,集中供暖,月付,1200,1200,120,0,"['公寓', '月租', '近地铁', '精装', '集中供暖', '押一付一', '随时看房']"
东丽,万新街,南大桥中铁十六局宿舍楼,64.08,2室1厅1卫,,南,无,暂无数据,暂无数据,有,集中供暖,季付,1450,1450,0,需咨询,"['官方核验', '近地铁', '集中供暖']"
西青,大寺,远洋万和城,95.00,2室1厅1卫,精装修,南,有,民水,民电,有,集中供暖,季付,3000,3000,0,需咨询,"['精装', '集中供暖']"
西青,大寺,远洋万和城,95.00,2室1厅1卫,精装修,南,有,民水,民电,有,集中供暖,季付,3000,3000,0,需咨询,"['精装', '集中供暖']"
东丽,东丽湖,恒大翡翠华庭,87.00,2室1厅1卫,,南 北,有,民水,民电,有,集中供暖,季付,600,600,0,需咨询,['集中供暖']
河西,下瓦房,新海大厦,10.50,5室1厅2卫,精装修,南,有,民水,民电,有,集中供暖,季付,1150,1150,115,0,"['公寓', '月租', '精装', '独立阳台', '集中供暖', '随时看房']"
塘沽,北塘街,绅湖公馆,92.00,2室2厅1卫,,南 北,无,暂无数据,暂无数据,有,集中供暖,季付,800,800,0,需咨询,['集中供暖']
津南,双港,联东U谷研创产业园,450.00,8室4厅2卫,精装修,南 北,无,暂无数据,暂无数据,暂无数据,暂无数据,季付,11000,11000,0,需咨询,"['精装', '双卫生间']"
西青,张家窝,海泰都市汇,45.15,1室0厅0卫,精装修,南,有,暂无数据,暂无数据,无,集中供暖,季付,1380,1380,0,需咨询,"['精装', '集中供暖', '非居住房屋']"
南开,长虹街,雅园里,39.86,1室1厅1卫,精装修,南,无,民水,民电,有,集中供暖,月付,2446,2446,244.6,0,"['公寓', '近地铁', '精装', '集中供暖', '押一付一', '随时看房']"
塘沽,新港,贻芳嘉园,108.00,2室2厅1卫,精装修,南 北,有,民水,民电,有,集中供暖,季付,2300,2300,0,需咨询,"['精装', '集中供暖', '随时看房']"
津南,辛庄,大华·国展公园世家,75.00,2室1厅1卫,,南,无,暂无数据,暂无数据,有,集中供暖,季付,1750,1750,0,需咨询,"['近地铁', '集中供暖', '随时看房']"
武清,杨村,雅静园,86.00,2室1厅1卫,,南,有,民水,民电,有,集中供暖,季付,1200,1200,0,需咨询,['集中供暖']
西青,张家窝,海泰都市汇,45.15,1室0厅0卫,精装修,南,有,暂无数据,暂无数据,无,集中供暖,季付,1380,1380,0,需咨询,"['精装', '集中供暖', '非居住房屋']"
津南,双港,金地格林世界棕榈苑D区,73.00,1室1厅1卫,精装修,南 北,有,民水,民电,有,集中供暖,季付,2300,2300,0,需咨询,"['精装', '集中供暖', '随时看房']"
河北,望海楼,金波里,50.70,1室1厅1卫,精装修,南,无,暂无数据,暂无数据,有,集中供暖,季付,1800,1800,0,需咨询,"['近地铁', '精装', '集中供暖', '随时看房']"
和平,南营门街,银行里,58.00,1室1厅1卫,,南,无,民水,民电,有,集中供暖,季付,3200,3200,0,需咨询,"['近地铁', '集中供暖']"
西青,张家窝,金融街融汇,21.00,3室1厅1卫,精装修,南,有,民水,民电,有,集中供暖,月付,1638,1638,163.8,0,"['公寓', '精装', '集中供暖', '押一付一']"
津南,咸水沽,华远景瑞海蓝城,96.00,3室2厅1卫,精装修,南 北,有,民水,民电,有,集中供暖,半年付,1800,1800,0,需咨询,"['精装', '集中供暖', '随时看房']"
津南,八里台,中海国际公园城鸣湖苑,188.00,3室2厅2卫,,南 北,无,民水,民电,有,集中供暖,季付,2000,2000,0,需咨询,"['集中供暖', '双卫生间', '随时看房']"
津南,海河教育园区,融创中央学府东区,13.80,3室1厅1卫,精装修,南,有,民水,民电,有,集中供暖,月付,1081,1081,108.1,0,"['公寓', '精装', '集中供暖', '押一付一']"
河东,太阳城,太阳城皓林园,10.50,3室1厅1卫,精装修,南,有,民水,民电,有,集中供暖,月付,1186,1186,118.6,0,"['公寓', '近地铁', '精装', '集中供暖', '押一付一', '随时看房']"
武清,下朱庄,云舒花园,99.62,2室1厅1卫,,南 北,有,暂无数据,暂无数据,有,集中供暖,半年付,500,500,0,需咨询,"['集中供暖', '随时看房']"
东丽,万新街,南大桥中铁十六局宿舍楼,64.08,2室1厅1卫,,南,无,暂无数据,暂无数据,有,集中供暖,季付,1450,1450,0,需咨询,"['官方核验', '近地铁', '集中供暖']"
南开,王顶堤,鹤园北里,15.00,2室1厅1卫,精装修,东,无,民水,民电,有,集中供暖,月付,1459,1459,145.9,0,"['公寓', '近地铁', '精装', '集中供暖', '押一付一', '随时看房']"
塘沽,杭州道,贻兴园,95.00,2室2厅1卫,精装修,南 北,无,民水,民电,有,集中供暖,季付,1500,1500,0,需咨询,"['精装', '集中供暖']"
北辰,双街,融创东岸名郡,117.60,3室2厅1卫,,南 北,有,民水,民电,有,集中供暖,季付,600,600,0,需咨询,"['集中供暖', '随时看房']"
和平,新兴街,振河里,40.43,1室1厅1卫,精装修,南,无,民水,民电,有,集中供暖,月付,2793,2793,279.3,0,"['公寓', '近地铁', '精装', '集中供暖', '押一付一', '随时看房']"
津南,辛庄,大华·国展公园世家,75.00,2室1厅1卫,,南,无,暂无数据,暂无数据,有,集中供暖,季付,1750,1750,0,需咨询,"['近地铁', '集中供暖', '随时看房']"
津南,八里台,中海国际公园城鸣湖苑,188.00,3室2厅2卫,,南 北,无,民水,民电,有,集中供暖,季付,2000,2000,0,需咨询,"['集中供暖', '双卫生间', '随时看房']"
武清,杨村,松鹤园,85.00,2室1厅1卫,精装修,南 北,无,商水,商电,有,集中供暖,年付,1600,1600,0,需咨询,"['精装', '集中供暖']"
津南,八里台,中海国际公园城,89.00,3室2厅1卫,,南 北,无,民水,民电,有,集中供暖,年付,600,600,0,需咨询,['集中供暖']
河西,下瓦房,新海大厦,12.00,4室1厅1卫,精装修,西,有,民水,民电,有,集中供暖,月付,1100,1100,110,0,"['公寓', '月租', '精装', '集中供暖', '押一付一']"
东丽,东丽湖,东丽湖万科城阅桦苑,91.55,2室2厅1卫,,南 北,有,民水,民电,有,集中供暖,季付,1300,1300,0,需咨询,"['集中供暖', '随时看房']"
西青,杨柳青,青朗园,58.47,2室2厅2卫,,南,有,民水,民电,有,集中供暖,季付,1700,1700,0,需咨询,"['集中供暖', '双卫生间', '非居住房屋']"
东丽,东丽湖,东丽湖万科城阅桦苑,91.55,2室2厅1卫,,南 北,有,民水,民电,有,集中供暖,季付,1300,1300,0,需咨询,"['集中供暖', '随时看房']"
塘沽,杭州道,贻兴园,95.00,2室2厅1卫,精装修,南 北,无,民水,民电,有,集中供暖,季付,1500,1500,0,需咨询,"['精装', '集中供暖']"
静海,团泊东,光耀雅苑,234.61,4室2厅3卫,精装修,南,无,暂无数据,暂无数据,有,集中供暖,年付,4200,4200,0,需咨询,"['精装', '集中供暖', '随时看房']"
西青,中北镇,富力湾天阔园,50.00,1室0厅1卫,,南,无,民水,民电,有,集中供暖,半年付,4500,4500,0,需咨询,"['集中供暖', '非居住房屋']"
东丽,东丽湖,恒大翡翠华庭,87.00,2室1厅1卫,,南 北,有,民水,民电,有,集中供暖,季付,600,600,0,需咨询,['集中供暖']
西青,张家窝,融侨方圆,89.26,3室1厅1卫,,东南,有,民水,民电,有,集中供暖,季付,1500,1500,0,需咨询,['集中供暖']
红桥,咸阳北路,东方楼,58.00,2室1厅1卫,,东 西,无,民水,民电,有,集中供暖,季付,1300,1300,0,需咨询,"['近地铁', '集中供暖']"
静海,团泊东,光耀雅苑,234.61,4室2厅3卫,精装修,南,无,暂无数据,暂无数据,有,集中供暖,年付,4200,4200,0,需咨询,"['精装', '集中供暖', '随时看房']"
北辰,宜兴埠,金地艺城华府北润华庭,82.00,2室1厅1卫,精装修,南,有,民水,民电,有,集中供暖,季付,2100,2100,0,需咨询,"['精装', '集中供暖']"
滨海新区,古林街,东环路,120.00,2室1厅1卫,,南 北,无,民水,民电,有,集中供暖,季付,1300,1300,0,需咨询,"['集中供暖', '随时看房']"
红桥,双环邨,振业名邸,10.00,3室1厅1卫,精装修,南,有,民水,民电,有,集中供暖,月付,1144,1144,114.4,0,"['公寓', '近地铁', '精装', '集中供暖', '押一付一', '随时看房']"
西青,精武镇,万科翡翠大道,9.10,4室1厅1卫,精装修,南,有,民水,民电,有,集中供暖,月付,1354,1354,135.4,0,"['公寓', '月租', '近地铁', '精装', '集中供暖', '押一付一', '随时看房']"
北辰,宜兴埠,宜居园,87.19,2室1厅1卫,精装修,南 北,有,民水,民电,有,集中供暖,月付,2400,2400,1200,0,"['租住保障', '公寓', '独立卫生间', '近地铁', '精装', '独立阳台', '集中供暖', '押一付一']"
北辰,双街,融创东岸名郡,117.60,3室2厅1卫,,南 北,有,民水,民电,有,集中供暖,季付,600,600,0,需咨询,"['集中供暖', '随时看房']"
津南,八里台,中海国际公园城鸣湖苑,188.00,3室2厅2卫,,南 北,无,民水,民电,有,集中供暖,季付,2000,2000,0,需咨询,"['集中供暖', '双卫生间', '随时看房']"
河东,中山门街,民族园,56.59,1室1厅1卫,精装修,东,有,民水,民电,有,集中供暖,季付,2000,2000,0,需咨询,"['精装', '集中供暖']"
河北,铁东路,北宁湾(宁宇家园),47.00,1室1厅2卫,,西 北,有,民水,商电,无,集中供暖,季付,2200,2200,0,需咨询,"['近地铁', '集中供暖', '双卫生间', '非居住房屋']"
静海,团泊东,光耀雅苑,234.61,4室2厅3卫,精装修,南,无,暂无数据,暂无数据,有,集中供暖,年付,4200,4200,0,需咨询,"['精装', '集中供暖', '随时看房']"
西青,精武镇,格调松间,6.50,5室1厅1卫,精装修,北,有,民水,民电,有,集中供暖,月付,976,976,97.6,0,"['公寓', '近地铁', '精装', '集中供暖', '押一付一', '随时看房']"
武清,武清其它,碧桂园莫奈的湖,197.68,4室2厅3卫,,南 北,有,暂无数据,暂无数据,有,集中供暖,季付,1700,1700,0,需咨询,"['集中供暖', '随时看房']"
红桥,双环邨,振业名邸,10.00,3室1厅1卫,精装修,南,有,民水,民电,有,集中供暖,月付,1144,1144,114.4,0,"['公寓', '近地铁', '精装', '集中供暖', '押一付一', '随时看房']"
北辰,宜兴埠,宜达园,51.13,1室1厅1卫,精装修,南,有,民水,民电,有,集中供暖,月付,1800,1800,1200,0,"['租住保障', '公寓', '近地铁', '精装', '集中供暖', '押一付一']"
河东,向阳楼,临池里,30.66,1室1厅1卫,,南,无,民水,民电,有,集中供暖,季付,1400,1400,0,需咨询,['集中供暖']
塘沽,新港,贻芳嘉园,108.00,2室2厅1卫,精装修,南 北,有,民水,民电,有,集中供暖,季付,2300,2300,0,需咨询,"['精装', '集中供暖', '随时看房']"
南开,王顶堤,堤翠家园,11.02,3室1厅1卫,精装修,南,有,民水,民电,有,集中供暖,月付,1428,1428,142.8,0,"['公寓', '近地铁', '精装', '集中供暖', '押一付一']"
河东,中山门街,民族园,56.59,1室1厅1卫,精装修,东,有,民水,民电,有,集中供暖,季付,2000,2000,0,需咨询,"['精装', '集中供暖']"
塘沽,北塘街,绅湖公馆,92.00,2室2厅1卫,,南 北,无,暂无数据,暂无数据,有,集中供暖,季付,800,800,0,需咨询,['集中供暖']
河西,尖山,洪泽花园,85.00,2室1厅1卫,,东 西,无,民水,民电,有,集中供暖,年付,6800,6800,0,需咨询,"['近地铁', '集中供暖']"
红桥,双环邨,振业名邸,10.00,3室1厅1卫,精装修,南,有,民水,民电,有,集中供暖,月付,1144,1144,114.4,0,"['公寓', '近地铁', '精装', '集中供暖', '押一付一', '随时看房']"
津南,八里台,中海国际公园城鸣湖苑,188.00,3室2厅2卫,,南 北,无,民水,民电,有,集中供暖,季付,2000,2000,0,需咨询,"['集中供暖', '双卫生间', '随时看房']"
西青,杨柳青,青朗园,58.47,2室2厅2卫,,南,有,民水,民电,有,集中供暖,季付,1700,1700,0,需咨询,"['集中供暖', '双卫生间', '非居住房屋']"
南开,王顶堤,堤翠家园,11.02,3室1厅1卫,精装修,南,有,民水,民电,有,集中供暖,月付,1428,1428,142.8,0,"['公寓', '近地铁', '精装', '集中供暖', '押一付一']"
河东,二号桥街,河东融科瀚棠,17.00,3室1厅1卫,精装修,南,有,民水,民电,有,集中供暖,月付,1300,1300,130,0,"['公寓', '月租', '精装', '集中供暖', '押一付一', '随时看房']"
南开,体育中心街,阳光壹佰北园,26.20,2室1厅0卫,精装修,西,有,民水,民电,有,集中供暖,月付,2446,2446,244.6,0,"['公寓', '独立卫生间', '精装', '独立阳台', '集中供暖', '押一付一']"
西青,精武镇,国兴佳园,12.70,3室1厅1卫,精装修,南,有,民水,民电,有,集中供暖,月付,1249,1249,124.9,0,"['公寓', '精装', '独立阳台', '集中供暖', '押一付一']"
东丽,万新街,南大桥中铁十六局宿舍楼,64.08,2室1厅1卫,,南,无,暂无数据,暂无数据,有,集中供暖,季付,1450,1450,0,需咨询,"['官方核验', '近地铁', '集中供暖']"
西青,李七庄,融泰城,12.80,5室1厅1卫,精装修,南,有,民水,民电,有,集中供暖,月付,1533,1533,153.3,0,"['公寓', '独立卫生间', '精装', '集中供暖', '押一付一', '随时看房']"
南开,王顶堤,晋宁北里,14.60,2室1厅1卫,精装修,南,无,民水,民电,有,集中供暖,月付,1743,1743,174.3,0,"['公寓', '近地铁', '精装', '独立阳台', '集中供暖', '押一付一']"
河北,铁东路,北宁湾(宁宇家园),47.00,1室1厅2卫,,西 北,有,民水,商电,无,集中供暖,季付,2200,2200,0,需咨询,"['近地铁', '集中供暖', '双卫生间', '非居住房屋']"
武清,武清其它,碧桂园莫奈的湖,197.68,4室2厅3卫,,南 北,有,暂无数据,暂无数据,有,集中供暖,季付,1700,1700,0,需咨询,"['集中供暖', '随时看房']"
津南,八里台,融创星耀五洲,182.00,3室2厅1卫,,南,无,暂无数据,暂无数据,有,自采暖,季付,1500,1500,0,需咨询,[]
滨海新区,古林街,福居园,88.00,2室1厅1卫,,南 北,有,民水,民电,有,集中供暖,季付,600,600,0,需咨询,"['集中供暖', '随时看房']"
西青,精武镇,格调松间,6.50,5室1厅1卫,精装修,北,有,民水,民电,有,集中供暖,月付,976,976,97.6,0,"['公寓', '近地铁', '精装', '集中供暖', '押一付一', '随时看房']"
西青,中北镇,云锦世家,18.20,3室1厅1卫,精装修,南,有,民水,民电,有,集中供暖,月付,1396,1396,139.6,0,"['公寓', '精装', '集中供暖', '押一付一', '随时看房']"
武清,东蒲洼街,悦光年,41.80,2室1厅1卫,精装修,南,有,暂无数据,暂无数据,无,集中供暖,季付,1300,1300,0,需咨询,"['精装', '集中供暖', '非居住房屋']"
西青,李七庄,融泰城,12.80,5室1厅1卫,精装修,南,有,民水,民电,有,集中供暖,月付,1533,1533,153.3,0,"['公寓', '独立卫生间', '精装', '集中供暖', '押一付一', '随时看房']"
南开,向阳路,冶金东里,26.00,1室1厅1卫,,东,无,民水,民电,有,集中供暖,季付,1100,1100,0,需咨询,"['近地铁', '集中供暖']"
塘沽,杭州道,贻兴园,95.00,2室2厅1卫,精装修,南 北,无,民水,民电,有,集中供暖,季付,1500,1500,0,需咨询,"['精装', '集中供暖']"
西青,张家窝,社会山西苑,8.50,4室1厅1卫,精装修,北,有,民水,民电,有,集中供暖,月付,934,934,93.4,0,"['公寓', '精装', '集中供暖', '押一付一']"
河西,柳林街,贺福里,62.54,2室1厅1卫,,南 北,无,民水,民电,有,集中供暖,季付,1500,1500,0,需咨询,"['近地铁', '集中供暖', '随时看房']"
红桥,双环邨,振业名邸,10.00,3室1厅1卫,精装修,南,有,民水,民电,有,集中供暖,月付,1144,1144,114.4,0,"['公寓', '近地铁', '精装', '集中供暖', '押一付一', '随时看房']"
北辰,瑞景居住区,瑞宁嘉园,9.90,3室1厅1卫,精装修,北,无,民水,民电,有,集中供暖,月付,1039,1039,103.9,0,"['公寓', '近地铁', '精装', '集中供暖', '押一付一']"
西青,张家窝,招商公园1872,6.60,4室1厅1卫,精装修,北,有,民水,民电,有,集中供暖,月付,871,871,87.1,0,"['公寓', '近地铁', '精装', '集中供暖', '押一付一', '随时看房']"
塘沽,新港,贻芳嘉园,108.00,2室2厅1卫,精装修,南 北,有,民水,民电,有,集中供暖,季付,2300,2300,0,需咨询,"['精装', '集中供暖', '随时看房']"
津南,辛庄,美的云熙府,105.00,3室2厅2卫,精装修,东南,无,民水,民电,有,集中供暖,需咨询,2900,2900,0,需咨询,"['精装', '集中供暖', '双卫生间']"
塘沽,北塘街,绅湖公馆,92.00,2室2厅1卫,,南 北,无,暂无数据,暂无数据,有,集中供暖,季付,800,800,0,需咨询,['集中供暖']
北辰,双街,融创东岸名郡,117.60,3室2厅1卫,,南 北,有,民水,民电,有,集中供暖,季付,600,600,0,需咨询,"['集中供暖', '随时看房']"
南开,体育中心街,奥城公寓,114.59,3室1厅1卫,精装修,南,有,民水,民电,无,自采暖,季付,5500,5500,0,需咨询,"['近地铁', '精装', '非居住房屋']"
武清,武清其它,碧桂园莫奈的湖,197.68,4室2厅3卫,,南 北,有,暂无数据,暂无数据,有,集中供暖,季付,1700,1700,0,需咨询,"['集中供暖', '随时看房']"
津南,双港,金秋新苑,10.49,3室1厅1卫,精装修,南,无,民水,民电,有,集中供暖,月付,1323,1323,132.3,0,"['公寓', '近地铁', '精装', '独立阳台', '集中供暖', '押一付一']"
北辰,瑞景居住区,瑞宁嘉园,9.90,3室1厅1卫,精装修,北,无,民水,民电,有,集中供暖,月付,1039,1039,103.9,0,"['公寓', '近地铁', '精装', '集中供暖', '押一付一']"
武清,东蒲洼街,悦光年,41.80,2室1厅1卫,精装修,南,有,暂无数据,暂无数据,无,集中供暖,季付,1300,1300,0,需咨询,"['精装', '集中供暖', '非居住房屋']"
武清,下朱庄,富兴领寓,50.29,2室1厅2卫,精装修,北,有,商水,商电,有,集中供暖,季付,1200,1200,0,需咨询,"['精装', '集中供暖', '双卫生间', '随时看房', '非居住房屋']"
静海,团泊西,中昂安纳西小镇,105.00,3室2厅2卫,,南 北,有,民水,民电,有,集中供暖,季付,700,700,0,需咨询,"['集中供暖', '双卫生间', '随时看房']"
西青,张家窝,金融街融汇,21.00,3室1厅1卫,精装修,南,有,民水,民电,有,集中供暖,月付,1638,1638,163.8,0,"['公寓', '精装', '集中供暖', '押一付一']"
河西,挂甲寺,景兴西里,35.00,1室1厅1卫,精装修,南,无,民水,民电,有,集中供暖,月付,2719,2719,271.9,0,"['公寓', '近地铁', '精装', '集中供暖', '押一付一', '随时看房']"
西青,中北镇,云锦世家,18.20,3室1厅1卫,精装修,南,有,民水,民电,有,集中供暖,月付,1396,1396,139.6,0,"['公寓', '精装', '集中供暖', '押一付一', '随时看房']"
津南,双港,金地格林世界棕榈苑D区,73.00,1室1厅1卫,精装修,南 北,有,民水,民电,有,集中供暖,季付,2300,2300,0,需咨询,"['精装', '集中供暖', '随时看房']"
滨海新区,中新生态城,力高阳光海岸,117.55,3室2厅1卫,精装修,南 北,无,暂无数据,暂无数据,有,暂无数据,季付,1500,1500,0,需咨询,['精装']
河东,太阳城,太阳城皓林园,8.80,4室1厅1卫,精装修,北,有,民水,民电,有,集中供暖,月付,1008,1008,100.8,0,"['公寓', '近地铁', '精装', '集中供暖', '押一付一']"
南开,嘉陵道街,泊江东里,14.00,2室1厅1卫,精装修,南,无,民水,民电,有,集中供暖,月付,1669,1669,166.9,0,"['公寓', '近地铁', '精装', '集中供暖', '押一付一']"
西青,精武镇,格调松间,113.00,3室2厅2卫,,南 北,有,暂无数据,暂无数据,有,集中供暖,季付,2100,2100,0,需咨询,"['近地铁', '集中供暖', '双卫生间']"
塘沽,杭州道,锦州里,55.88,2室1厅1卫,,南 北,无,民水,民电,有,集中供暖,季付,1500,1500,0,需咨询,['集中供暖']
河东,太阳城,路劲太阳城皓阳园,15.00,3室1厅1卫,精装修,南,有,民水,民电,有,集中供暖,月付,1100,1100,110,0,"['公寓', '月租', '近地铁', '精装', '集中供暖', '押一付一']"
和平,体育馆街,诚基经贸中心,58.21,1室1厅1卫,精装修,北,有,民水,民电,无,暂无数据,季付,2300,2300,1150,0,"['公寓', '独立卫生间', '月租', '近地铁', '精装', '独立阳台', '随时看房']"
西青,李七庄,融泰城,12.80,5室1厅1卫,精装修,南,有,民水,民电,有,集中供暖,月付,1533,1533,153.3,0,"['公寓', '独立卫生间', '精装', '集中供暖', '押一付一', '随时看房']"
武清,武清其它,碧桂园莫奈的湖,108.28,3室2厅1卫,精装修,南 北,有,民水,民电,有,集中供暖,季付,1100,1100,0,需咨询,"['精装', '集中供暖']"
河西,陈塘庄,中海寰宇天下,11.00,3室1厅1卫,精装修,南,有,民水,民电,有,集中供暖,月付,1200,1200,120,0,"['公寓', '月租', '近地铁', '精装', '集中供暖', '押一付一', '随时看房']"
河西,柳林街,贺福里,62.54,2室1厅1卫,,南 北,无,民水,民电,有,集中供暖,季付,1500,1500,0,需咨询,"['近地铁', '集中供暖', '随时看房']"
西青,李七庄,融泰城,12.80,5室1厅1卫,精装修,南,有,民水,民电,有,集中供暖,月付,1533,1533,153.3,0,"['公寓', '独立卫生间', '精装', '集中供暖', '押一付一', '随时看房']"
武清,东蒲洼街,悦光年,41.80,2室1厅1卫,精装修,南,有,暂无数据,暂无数据,无,集中供暖,季付,1300,1300,0,需咨询,"['精装', '集中供暖', '非居住房屋']"
河北,铁东路,志成东里,72.08,3室1厅1卫,精装修,东南,无,民水,民电,有,集中供暖,半年付,2300,2300,0,需咨询,"['精装', '集中供暖']"
津南,辛庄,大华·国展公园世家,75.00,2室1厅1卫,,南,无,暂无数据,暂无数据,有,集中供暖,季付,1750,1750,0,需咨询,"['近地铁', '集中供暖', '随时看房']"
塘沽,北塘街,绅湖公馆,92.00,2室2厅1卫,,南 北,无,暂无数据,暂无数据,有,集中供暖,季付,800,800,0,需咨询,['集中供暖']
西青,张家窝,金融街融汇,12.00,3室1厅1卫,精装修,南,有,民水,民电,有,集中供暖,月付,1848,1848,184.8,0,"['公寓', '独立卫生间', '精装', '集中供暖', '押一付一', '随时看房']"
北辰,北仓镇,引河里,55.20,2室1厅1卫,,南,无,民水,民电,有,集中供暖,季付,900,900,0,需咨询,['集中供暖']
东丽,东丽湖,恒大翡翠华庭,87.00,2室1厅1卫,,南 北,有,民水,民电,有,集中供暖,季付,600,600,0,需咨询,['集中供暖']
武清,杨村,松鹤园,85.00,2室1厅1卫,精装修,南 北,无,商水,商电,有,集中供暖,年付,1600,1600,0,需咨询,"['精装', '集中供暖']"
南开,体育中心街,阳光壹佰北园,26.20,2室1厅0卫,精装修,西,有,民水,民电,有,集中供暖,月付,2446,2446,244.6,0,"['公寓', '独立卫生间', '精装', '独立阳台', '集中供暖', '押一付一']"
河东,中山门街,民族园,56.59,1室1厅1卫,精装修,东,有,民水,民电,有,集中供暖,季付,2000,2000,0,需咨询,"['精装', '集中供暖']"
滨海新区,汉沽,丽景名苑,90.00,2室1厅1卫,,南,有,民水,民电,有,集中供暖,季付,1100,1100,0,需咨询,"['集中供暖', '随时看房']"
津南,辛庄,大华·国展公园世家,78.00,2室1厅1卫,,南,无,暂无数据,暂无数据,有,集中供暖,季付,1000,1000,0,需咨询,"['集中供暖', '随时看房']"
滨海新区,古林街,福居园,88.00,2室1厅1卫,,南 北,有,民水,民电,有,集中供暖,季付,600,600,0,需咨询,"['集中供暖', '随时看房']"
西青,中北镇,溪茗园,42.00,1室1厅1卫,,南,无,民水,民电,有,集中供暖,季付,1700,1700,0,需咨询,['集中供暖']
武清,杨村,松鹤园,85.00,2室1厅1卫,精装修,南 北,无,商水,商电,有,集中供暖,年付,1600,1600,0,需咨询,"['精装', '集中供暖']"
北辰,宜兴埠,远洋未来城,11.80,3室1厅1卫,精装修,南,有,民水,民电,有,集中供暖,月付,1150,1150,115,0,"['公寓', '近地铁', '精装', '集中供暖', '押一付一', '随时看房']"
河东,二号桥街,河东融科瀚棠,17.00,3室1厅1卫,精装修,南,有,民水,民电,有,集中供暖,月付,1300,1300,130,0,"['公寓', '月租', '精装', '集中供暖', '押一付一', '随时看房']"
津南,八里台,中海国际公园城,109.00,3室1厅2卫,,南 北,有,民水,民电,有,集中供暖,季付,800,800,0,需咨询,"['集中供暖', '双卫生间', '随时看房']"
武清,武清其它,碧桂园莫奈的湖,197.68,4室2厅3卫,,南 北,有,暂无数据,暂无数据,有,集中供暖,季付,1700,1700,0,需咨询,"['集中供暖', '随时看房']"
西青,张家窝,金融街融汇,21.00,3室1厅1卫,精装修,南,有,民水,民电,有,集中供暖,月付,1638,1638,163.8,0,"['公寓', '精装', '集中供暖', '押一付一']"
塘沽,杭州道,锦州里,55.88,2室1厅1卫,,南 北,无,民水,民电,有,集中供暖,季付,1500,1500,0,需咨询,['集中供暖']
红桥,双环邨,振业名邸,10.00,3室1厅1卫,精装修,南,有,民水,民电,有,集中供暖,月付,1144,1144,114.4,0,"['公寓', '近地铁', '精装', '集中供暖', '押一付一', '随时看房']"
塘沽,杭州道,贻兴园,95.00,2室2厅1卫,精装修,南 北,无,民水,民电,有,集中供暖,季付,1500,1500,0,需咨询,"['精装', '集中供暖']"
西青,中北镇,富力湾天阔园,13.40,3室1厅1卫,精装修,南,有,民水,民电,有,集中供暖,月付,1354,1354,135.4,0,"['公寓', '精装', '集中供暖', '押一付一']"
河东,富民路,郑庄子大街,50.00,2室1厅1卫,,东,无,暂无数据,暂无数据,有,集中供暖,季付,1600,1600,0,需咨询,['集中供暖']
西青,张家窝,保利拾光年,8.73,3室1厅1卫,精装修,北,有,民水,民电,有,集中供暖,月付,1081,1081,108.1,0,"['公寓', '精装', '集中供暖', '押一付一', '随时看房']"
河西,挂甲寺,景兴西里,35.00,1室1厅1卫,精装修,南,无,民水,民电,有,集中供暖,月付,2719,2719,271.9,0,"['公寓', '近地铁', '精装', '集中供暖', '押一付一', '随时看房']"
津南,八里台,中海国际公园城鸣湖苑,188.00,3室2厅2卫,,南 北,无,民水,民电,有,集中供暖,季付,2000,2000,0,需咨询,"['集中供暖', '双卫生间', '随时看房']"
北辰,北仓镇,金鹏里,85.46,2室1厅1卫,,南 北,无,民水,民电,有,集中供暖,季付,1450,1450,0,需咨询,"['集中供暖', '随时看房']"
西青,精武镇,格调松间,113.00,3室2厅2卫,,南 北,有,暂无数据,暂无数据,有,集中供暖,季付,2100,2100,0,需咨询,"['近地铁', '集中供暖', '双卫生间']"
西青,中北镇,溪茗园,42.00,1室1厅1卫,,南,无,民水,民电,有,集中供暖,季付,1700,1700,0,需咨询,['集中供暖']
津南,八里台,融创星耀五洲,182.00,3室2厅1卫,,南,无,暂无数据,暂无数据,有,自采暖,季付,1500,1500,0,需咨询,[]
静海,团泊东,鸿坤理想城,105.85,3室2厅1卫,,南 北,有,民水,民电,有,自采暖,季付,500,500,0,需咨询,[]
河北,王串场,开城里,21.00,1室0厅1卫,,南,无,暂无数据,民电,有,集中供暖,季付,900,900,0,需咨询,"['集中供暖', '随时看房']"
津南,八里台,中海国际公园城,109.00,3室1厅2卫,,南 北,有,民水,民电,有,集中供暖,季付,800,800,0,需咨询,"['集中供暖', '双卫生间', '随时看房']"
河北,望海楼,金波里,50.70,1室1厅1卫,精装修,南,无,暂无数据,暂无数据,有,集中供暖,季付,1800,1800,0,需咨询,"['近地铁', '精装', '集中供暖', '随时看房']"
北辰,瑞景居住区,瑞宁嘉园,9.90,3室1厅1卫,精装修,北,无,民水,民电,有,集中供暖,月付,1039,1039,103.9,0,"['公寓', '近地铁', '精装', '集中供暖', '押一付一']"
南开,体育中心街,阳光壹佰北园,26.20,2室1厅0卫,精装修,西,有,民水,民电,有,集中供暖,月付,2446,2446,244.6,0,"['公寓', '独立卫生间', '精装', '独立阳台', '集中供暖', '押一付一']"
和平,新兴街,振河里,40.43,1室1厅1卫,精装修,南,无,民水,民电,有,集中供暖,月付,2793,2793,279.3,0,"['公寓', '近地铁', '精装', '集中供暖', '押一付一', '随时看房']"
南开,王顶堤,华宁北里,38.27,1室1厅1卫,精装修,南,无,民水,民电,有,集中供暖,月付,2614,2614,261.4,0,"['公寓', '近地铁', '精装', '集中供暖', '押一付一']"
静海,团泊东,光耀雅苑,234.61,4室2厅3卫,精装修,南,无,暂无数据,暂无数据,有,集中供暖,年付,4200,4200,0,需咨询,"['精装', '集中供暖', '随时看房']"
河东,富民路,郑庄子大街,50.00,2室1厅1卫,,东,无,暂无数据,暂无数据,有,集中供暖,季付,1600,1600,0,需咨询,['集中供暖']
南开,嘉陵道街,泊江东里,14.00,2室1厅1卫,精装修,南,无,民水,民电,有,集中供暖,月付,1669,1669,166.9,0,"['公寓', '近地铁', '精装', '集中供暖', '押一付一']"
西青,张家窝,金融街融汇,21.00,3室1厅1卫,精装修,南,有,民水,民电,有,集中供暖,月付,1638,1638,163.8,0,"['公寓', '精装', '集中供暖', '押一付一']"
南开,嘉陵道街,泊江东里,14.00,2室1厅1卫,精装修,南,无,民水,民电,有,集中供暖,月付,1669,1669,166.9,0,"['公寓', '近地铁', '精装', '集中供暖', '押一付一']"
西青,精武镇,万科翡翠大道,9.00,3室1厅1卫,精装修,北,有,民水,民电,有,集中供暖,月付,1249,1249,124.9,0,"['公寓', '月租', '近地铁', '精装', '集中供暖', '押一付一', '随时看房']"
南开,万兴街,三潭东里,30.73,1室1厅1卫,精装修,南,无,民水,民电,有,集中供暖,季付,2800,2800,0,需咨询,"['近地铁', '精装', '集中供暖', '随时看房']"
河北,月牙河,琴江公寓,51.86,1室1厅1卫,精装修,南 北,无,民水,民电,有,集中供暖,季付,1500,1500,0,需咨询,"['精装', '集中供暖']"
北辰,宜兴埠,金地成宁府,10.30,4室1厅1卫,精装修,南,有,民水,民电,有,集中供暖,月付,1081,1081,108.1,0,"['公寓', '近地铁', '精装', '集中供暖', '押一付一', '随时看房']"
武清,东蒲洼街,悦光年,41.80,2室1厅1卫,精装修,南,有,暂无数据,暂无数据,无,集中供暖,季付,1300,1300,0,需咨询,"['精装', '集中供暖', '非居住房屋']"
河北,月牙河,琴江公寓,51.86,1室1厅1卫,精装修,南 北,无,民水,民电,有,集中供暖,季付,1500,1500,0,需咨询,"['精装', '集中供暖']"
西青,张家窝,保利拾光年,8.73,3室1厅1卫,精装修,北,有,民水,民电,有,集中供暖,月付,1081,1081,108.1,0,"['公寓', '精装', '集中供暖', '押一付一', '随时看房']"
南开,万兴街,三潭东里,30.73,1室1厅1卫,精装修,南,无,民水,民电,有,集中供暖,季付,2800,2800,0,需咨询,"['近地铁', '精装', '集中供暖', '随时看房']"
河西,挂甲寺,新城小区,14.70,2室1厅1卫,精装修,南,无,民水,民电,有,集中供暖,月付,1711,1711,171.1,0,"['公寓', '近地铁', '精装', '集中供暖', '押一付一', '随时看房']"
武清,下朱庄,富兴领寓,50.29,2室1厅2卫,精装修,北,有,商水,商电,有,集中供暖,季付,1200,1200,0,需咨询,"['精装', '集中供暖', '双卫生间', '随时看房', '非居住房屋']"
津南,咸水沽,富力又一城合雅园,80.00,2室1厅1卫,,南,有,民水,民电,有,集中供暖,季付,1700,1700,0,需咨询,['集中供暖']
南开,广开街,级升里,35.47,1室1厅1卫,精装修,南 北,无,民水,民电,有,集中供暖,季付,2300,2300,0,需咨询,"['近地铁', '精装', '集中供暖', '随时看房']"
河北,新开河,裕泰家园,21.38,1室1厅1卫,,南,无,民水,民电,有,集中供暖,季付,1100,1100,0,需咨询,"['近地铁', '集中供暖', '随时看房']"
北辰,宜兴埠,远洋未来城,14.20,3室1厅1卫,精装修,南,有,民水,民电,有,集中供暖,月付,1250,1250,125,0,"['公寓', '近地铁', '精装', '集中供暖', '押一付一', '随时看房']"
西青,李七庄,融泰城,12.80,5室1厅1卫,精装修,南,有,民水,民电,有,集中供暖,月付,1533,1533,153.3,0,"['公寓', '独立卫生间', '精装', '集中供暖', '押一付一', '随时看房']"
河西,天塔街,宾水南里,55.33,2室1厅1卫,精装修,东南,无,民水,民电,有,集中供暖,季付,2500,2500,0,需咨询,"['近地铁', '精装', '集中供暖']"
河西,天塔街,宾水南里,55.33,2室1厅1卫,精装修,东南,无,民水,民电,有,集中供暖,季付,2500,2500,0,需咨询,"['近地铁', '精装', '集中供暖']"
西青,精武镇,格调松间,6.50,5室1厅1卫,精装修,北,有,民水,民电,有,集中供暖,月付,976,976,97.6,0,"['公寓', '近地铁', '精装', '集中供暖', '押一付一', '随时看房']"
河东,中山门街,互助南里,27.55,1室1厅1卫,精装修,北,无,民水,民电,有,集中供暖,月付,2341,2341,234.1,0,"['公寓', '精装', '集中供暖', '押一付一']"
河东,富民路,郑庄子大街,50.00,2室1厅1卫,,东,无,暂无数据,暂无数据,有,集中供暖,季付,1600,1600,0,需咨询,['集中供暖']
塘沽,北塘街,绅湖公馆,92.00,2室2厅1卫,,南 北,无,暂无数据,暂无数据,有,集中供暖,季付,800,800,0,需咨询,['集中供暖']
津南,咸水沽,富力又一城合雅园,80.00,2室1厅1卫,,南,有,民水,民电,有,集中供暖,季付,1700,1700,0,需咨询,['集中供暖']
武清,武清其它,茗锦花园,94.68,2室1厅1卫,,南 北,无,暂无数据,暂无数据,无,集中供暖,半年付,1200,1200,0,需咨询,"['集中供暖', '随时看房']"
静海,团泊西,中昂安纳西小镇,105.00,3室2厅2卫,,南 北,有,民水,民电,有,集中供暖,季付,700,700,0,需咨询,"['集中供暖', '双卫生间', '随时看房']"
西青,精武镇,格调松间,113.00,3室2厅2卫,,南 北,有,暂无数据,暂无数据,有,集中供暖,季付,2100,2100,0,需咨询,"['近地铁', '集中供暖', '双卫生间']"
西青,中北镇,溪茗园,42.00,1室1厅1卫,,南,无,民水,民电,有,集中供暖,季付,1700,1700,0,需咨询,['集中供暖']
河东,中山门街,民族园,56.59,1室1厅1卫,精装修,东,有,民水,民电,有,集中供暖,季付,2000,2000,0,需咨询,"['精装', '集中供暖']"
东丽,万新街,胜林北苑,58.00,1室1厅1卫,,南,无,暂无数据,暂无数据,暂无数据,暂无数据,季付,750,750,0,需咨询,[]
河东,中山门街,互助南里,27.55,1室1厅1卫,精装修,北,无,民水,民电,有,集中供暖,月付,2341,2341,234.1,0,"['公寓', '精装', '集中供暖', '押一付一']"
河西,陈塘庄,中冶德贤公馆,19.43,4室1厅1卫,精装修,南,有,民水,民电,有,集中供暖,月付,1669,1669,166.9,0,"['公寓', '近地铁', '精装', '独立阳台', '集中供暖', '押一付一', '随时看房']"
武清,杨村,雅静园,86.00,2室1厅1卫,,南,有,民水,民电,有,集中供暖,季付,1200,1200,0,需咨询,['集中供暖']
津南,辛庄,大华·国展公园世家,78.00,2室1厅1卫,,南,无,暂无数据,暂无数据,有,集中供暖,季付,1000,1000,0,需咨询,"['集中供暖', '随时看房']"
河东,太阳城,路劲太阳城皓阳园,15.00,3室1厅1卫,精装修,南,有,民水,民电,有,集中供暖,月付,1150,1150,115,0,"['公寓', '月租', '近地铁', '精装', '集中供暖', '押一付一', '随时看房']"
静海,团泊东,富力新城,90.68,3室2厅1卫,,南 北,有,民水,民电,有,自采暖,季付,1000,1000,0,需咨询,['随时看房']
南开,万兴街,三潭东里,24.47,1室1厅1卫,精装修,北,无,民水,民电,有,集中供暖,月付,2551,2551,255.1,0,"['公寓', '近地铁', '精装', '集中供暖', '押一付一']"
红桥,西于庄,子牙里,40.72,1室1厅1卫,,南,无,民水,民电,有,集中供暖,季付,1100,1100,0,需咨询,"['集中供暖', '随时看房']"
西青,精武镇,万科翡翠大道,9.10,4室1厅1卫,精装修,南,有,民水,民电,有,集中供暖,月付,1354,1354,135.4,0,"['公寓', '月租', '近地铁', '精装', '集中供暖', '押一付一', '随时看房']"
武清,杨村,松鹤园,85.00,2室1厅1卫,精装修,南 北,无,商水,商电,有,集中供暖,年付,1600,1600,0,需咨询,"['精装', '集中供暖']"
西青,中北镇,富力湾天阔园,13.40,3室1厅1卫,精装修,南,有,民水,民电,有,集中供暖,月付,1354,1354,135.4,0,"['公寓', '精装', '集中供暖', '押一付一']"
西青,张家窝,融侨方圆,89.26,3室1厅1卫,,东南,有,民水,民电,有,集中供暖,季付,1500,1500,0,需咨询,['集中供暖']
西青,张家窝,金融街融汇,21.00,3室1厅1卫,精装修,南,有,民水,民电,有,集中供暖,月付,1638,1638,163.8,0,"['公寓', '精装', '集中供暖', '押一付一']"
东丽,华明镇,华润橡树湾仰润轩,82.00,2室1厅1卫,精装修,南,有,民水,民电,有,集中供暖,季付,2300,2300,0,需咨询,"['精装', '集中供暖']"
河北,铁东路,北宁湾(宁宇家园),47.00,1室1厅2卫,,西 北,有,民水,商电,无,集中供暖,季付,2200,2200,0,需咨询,"['近地铁', '集中供暖', '双卫生间', '非居住房屋']"
西青,张家窝,津洲花园,65.00,2室1厅1卫,精装修,南,无,暂无数据,暂无数据,有,集中供暖,季付,2500,2500,0,需咨询,"['精装', '集中供暖']"
津南,海河教育园区,天悦风华,15.00,3室1厅1卫,精装修,南,有,民水,民电,有,集中供暖,月付,1218,1218,121.8,0,"['公寓', '近地铁', '精装', '集中供暖', '押一付一', '随时看房']"
东丽,万新街,胜林北苑,58.00,1室1厅1卫,,南,无,暂无数据,暂无数据,暂无数据,暂无数据,季付,750,750,0,需咨询,[]
河西,陈塘庄,天房六合国际,10.80,3室1厅1卫,精装修,南,有,民水,民电,有,集中供暖,月付,1459,1459,145.9,0,"['公寓', '近地铁', '精装', '集中供暖', '押一付一', '随时看房']"
宝坻,建设路,宝境棠棣,108.07,3室2厅1卫,,南,有,民水,民电,有,集中供暖,季付,500,500,0,需咨询,"['月租', '集中供暖', '随时看房']"
北辰,北仓镇,引河里,55.20,2室1厅1卫,,南,无,民水,民电,有,集中供暖,季付,900,900,0,需咨询,['集中供暖']
津南,辛庄,大华·国展公园世家,78.00,2室1厅1卫,,南,无,暂无数据,暂无数据,有,集中供暖,季付,1000,1000,0,需咨询,"['集中供暖', '随时看房']"
河东,中山门街,丰乐里,64.49,2室1厅1卫,精装修,北,无,民水,民电,有,集中供暖,月付,2866,2866,286.6,0,"['公寓', '近地铁', '精装', '集中供暖', '押一付一']"
南开,体育中心街,山海天家园,172.00,3室2厅2卫,,南 北,有,民水,民电,有,集中供暖,季付,8000,8000,0,需咨询,"['近地铁', '集中供暖', '双卫生间', '随时看房']"
北辰,宜兴埠,金地艺城华府北润华庭,12.70,4室1厅1卫,精装修,南,有,民水,民电,有,集中供暖,月付,1039,1039,103.9,0,"['公寓', '近地铁', '精装', '集中供暖', '押一付一', '随时看房']"
红桥,西于庄,子牙里,40.72,1室1厅1卫,,南,无,民水,民电,有,集中供暖,季付,1100,1100,0,需咨询,"['集中供暖', '随时看房']"
和平,体育馆街,诚基经贸中心,58.21,1室1厅1卫,精装修,北,有,民水,民电,无,暂无数据,季付,2300,2300,1150,0,"['公寓', '独立卫生间', '月租', '近地铁', '精装', '独立阳台', '随时看房']"
西青,精武镇,旭辉燕南园,9.40,3室1厅1卫,精装修,南,有,民水,民电,有,集中供暖,月付,903,903,90.3,0,"['公寓', '精装', '集中供暖', '押一付一', '随时看房']"
武清,高村,首创国际半岛采薇雅苑,86.00,2室2厅1卫,精装修,南,有,民水,民电,有,自采暖,季付,1600,1600,0,需咨询,"['精装', '随时看房']"
滨海新区,汉沽,梧桐苑,121.00,3室2厅1卫,,南 北,有,暂无数据,暂无数据,有,集中供暖,季付,950,950,0,需咨询,['集中供暖']
河西,大营门,平安大厦,219.71,1室0厅0卫,精装修,南,有,暂无数据,暂无数据,无,自采暖,季付,20975,20975,0,需咨询,"['近地铁', '精装']"
河北,江都路,银山里,43.70,1室1厅1卫,,南,无,民水,民电,有,集中供暖,季付,1300,1300,0,需咨询,"['近地铁', '集中供暖']"
河西,尖山,格调绮园双迎里,140.00,1室0厅1卫,,西,无,暂无数据,暂无数据,有,集中供暖,季付,10000,10000,0,需咨询,"['集中供暖', '随时看房', '非居住房屋']"
西青,精武镇,格调松间,113.00,3室2厅2卫,,南 北,有,暂无数据,暂无数据,有,集中供暖,季付,2100,2100,0,需咨询,"['近地铁', '集中供暖', '双卫生间']"
西青,张家窝,金融街融汇,12.00,3室1厅1卫,精装修,南,有,民水,民电,有,集中供暖,月付,1848,1848,184.8,0,"['公寓', '独立卫生间', '精装', '集中供暖', '押一付一', '随时看房']"
东丽,华明镇,华润橡树湾仰润轩,82.00,2室1厅1卫,精装修,南,有,民水,民电,有,集中供暖,季付,2300,2300,0,需咨询,"['精装', '集中供暖']"
西青,杨柳青,青朗园,58.47,2室2厅2卫,,南,有,民水,民电,有,集中供暖,季付,1700,1700,0,需咨询,"['集中供暖', '双卫生间', '非居住房屋']"
南开,王顶堤,华宁北里,38.27,1室1厅1卫,精装修,南,无,民水,民电,有,集中供暖,月付,2614,2614,261.4,0,"['公寓', '近地铁', '精装', '集中供暖', '押一付一']"
河东,春华街,巨福园公寓,54.00,1室1厅1卫,精装修,南,有,暂无数据,暂无数据,无,集中供暖,季付,2300,2300,0,需咨询,"['近地铁', '精装', '集中供暖']"
滨海新区,古林街,福居园,88.00,2室1厅1卫,,南 北,有,民水,民电,有,集中供暖,季付,600,600,0,需咨询,"['集中供暖', '随时看房']"
南开,水上公园街,水云花园,369.39,5室2厅3卫,精装修,南 北,无,民水,民电,有,集中供暖,季付,29800,29800,0,需咨询,"['精装', '集中供暖']"
津南,咸水沽,富力又一城合雅园,80.00,2室1厅1卫,,南,有,民水,民电,有,集中供暖,季付,1700,1700,0,需咨询,['集中供暖']
和平,体育馆街,诚基经贸中心,58.21,1室1厅1卫,精装修,北,有,民水,民电,无,暂无数据,季付,2300,2300,1150,0,"['公寓', '独立卫生间', '月租', '近地铁', '精装', '独立阳台', '随时看房']"
河西,陈塘庄,中冶德贤公馆,19.43,4室1厅1卫,精装修,南,有,民水,民电,有,集中供暖,月付,1669,1669,166.9,0,"['公寓', '近地铁', '精装', '独立阳台', '集中供暖', '押一付一', '随时看房']"
南开,嘉陵道街,泊江东里,13.56,3室1厅1卫,精装修,南,无,民水,民电,有,集中供暖,月付,1501,1501,150.1,0,"['公寓', '近地铁', '精装', '集中供暖', '押一付一', '随时看房']"
北辰,北仓镇,金鹏里,85.46,2室1厅1卫,,南 北,无,民水,民电,有,集中供暖,季付,1450,1450,0,需咨询,"['集中供暖', '随时看房']"
武清,高村,首创国际半岛采薇雅苑,86.00,2室2厅1卫,精装修,南,有,民水,民电,有,自采暖,季付,1600,1600,0,需咨询,"['精装', '随时看房']"
红桥,邵公庄,西青道楼,15.00,2室1厅1卫,精装修,南,无,民水,民电,有,集中供暖,月付,1428,1428,142.8,0,"['公寓', '近地铁', '精装', '集中供暖', '押一付一', '随时看房']"
东丽,新立街,民航小区,64.00,2室1厅1卫,,南 北,无,暂无数据,暂无数据,暂无数据,暂无数据,需咨询,1700,1700,0,需咨询,['近地铁']
津南,八里台,融创星耀五洲,182.00,3室2厅1卫,,南,无,暂无数据,暂无数据,有,自采暖,季付,1500,1500,0,需咨询,[]
河东,二号桥街,河东融科瀚棠,17.00,3室1厅1卫,精装修,南,有,民水,民电,有,集中供暖,月付,1300,1300,130,0,"['公寓', '月租', '精装', '集中供暖', '押一付一', '随时看房']"
河西,陈塘庄,中海寰宇天下,11.00,3室1厅1卫,精装修,南,有,民水,民电,有,集中供暖,月付,1200,1200,120,0,"['公寓', '月租', '近地铁', '精装', '集中供暖', '押一付一', '随时看房']"
武清,下朱庄,颐清花园,90.00,3室2厅1卫,,东南 北,有,民水,民电,有,集中供暖,半年付,600,600,0,需咨询,"['集中供暖', '随时看房']"
开发区,第三大街,星缘轩,130.00,2室2厅1卫,精装修,南 北,有,民水,民电,有,集中供暖,季付,3800,3800,0,需咨询,"['近地铁', '精装', '集中供暖']"
静海,团泊东,泊湖林奇郡,188.00,4室2厅3卫,精装修,南 北,无,暂无数据,暂无数据,有,集中供暖,季付,3900,3900,0,需咨询,"['精装', '集中供暖']"
西青,精武镇,万科翡翠大道,9.00,3室1厅1卫,精装修,北,有,民水,民电,有,集中供暖,月付,1249,1249,124.9,0,"['公寓', '月租', '近地铁', '精装', '集中供暖', '押一付一', '随时看房']"
河东,春华街,巨福园公寓,54.00,1室1厅1卫,精装修,南,有,暂无数据,暂无数据,无,集中供暖,季付,2300,2300,0,需咨询,"['近地铁', '精装', '集中供暖']"
静海,团泊东,富力新城,90.68,3室2厅1卫,,南 北,有,民水,民电,有,自采暖,季付,1000,1000,0,需咨询,['随时看房']
红桥,西沽街,湘潭东里,71.00,2室1厅1卫,,东 西,无,民水,民电,有,集中供暖,季付,1700,1700,0,需咨询,['集中供暖']
武清,佛罗伦萨,经纬城市绿洲华清家园,62.00,1室1厅1卫,精装修,南,有,民水,民电,有,集中供暖,季付,1500,1500,0,需咨询,"['精装', '集中供暖', '随时看房']"
北辰,双街,龙德园,117.00,3室2厅2卫,,南 北,有,暂无数据,暂无数据,有,集中供暖,季付,2300,2300,0,需咨询,"['集中供暖', '双卫生间', '随时看房']"
西青,中北镇,云锦世家,18.20,3室1厅1卫,精装修,南,有,民水,民电,有,集中供暖,月付,1396,1396,139.6,0,"['公寓', '精装', '集中供暖', '押一付一', '随时看房']"
东丽,华明镇,大唐印象唐槿苑,11.60,4室1厅1卫,精装修,南,有,民水,民电,有,集中供暖,月付,934,934,93.4,0,"['公寓', '精装', '集中供暖', '押一付一', '随时看房']"
河东,二号桥街,河东融科瀚棠,17.00,3室1厅1卫,精装修,南,有,民水,民电,有,集中供暖,月付,1300,1300,130,0,"['公寓', '月租', '精装', '集中供暖', '押一付一', '随时看房']"
西青,精武镇,旭辉燕南园,9.40,3室1厅1卫,精装修,南,有,民水,民电,有,集中供暖,月付,903,903,90.3,0,"['公寓', '精装', '集中供暖', '押一付一', '随时看房']"
武清,杨村,松鹤园,85.00,2室1厅1卫,精装修,南 北,无,商水,商电,有,集中供暖,年付,1600,1600,0,需咨询,"['精装', '集中供暖']"
武清,武清其它,茗锦花园,94.68,2室1厅1卫,,南 北,无,暂无数据,暂无数据,无,集中供暖,半年付,1200,1200,0,需咨询,"['集中供暖', '随时看房']"
武清,下朱庄,颐清花园,90.00,3室2厅1卫,,东南 北,有,民水,民电,有,集中供暖,半年付,600,600,0,需咨询,"['集中供暖', '随时看房']"
南开,鼓楼街,天津壹街区静德花园,16.10,3室1厅1卫,精装修,北,有,民水,民电,有,集中供暖,月付,1743,1743,174.3,0,"['公寓', '近地铁', '精装', '集中供暖', '押一付一', '随时看房']"
西青,中北镇,富力湾天阔园,13.40,3室1厅1卫,精装修,南,有,民水,民电,有,集中供暖,月付,1354,1354,135.4,0,"['公寓', '精装', '集中供暖', '押一付一']"
西青,中北镇,富力湾天阔园,50.00,1室0厅1卫,,南,无,民水,民电,有,集中供暖,半年付,4500,4500,0,需咨询,"['集中供暖', '非居住房屋']"
武清,静湖,静湖花园东区,69.12,1室1厅1卫,精装修,南,有,民水,民电,有,集中供暖,季付,1000,1000,0,需咨询,"['精装', '集中供暖', '随时看房']"
南开,广开街,级升里,30.00,1室1厅1卫,,北,无,民水,民电,有,集中供暖,季付,1250,1250,0,需咨询,['集中供暖']
津南,辛庄,首创悦山郡,10.77,4室1厅1卫,精装修,南,有,民水,民电,有,集中供暖,月付,934,934,93.4,0,"['公寓', '月租', '精装', '集中供暖', '押一付一', '随时看房']"
河西,柳林街,贺福里,62.54,2室1厅1卫,,南 北,无,民水,民电,有,集中供暖,季付,1500,1500,0,需咨询,"['近地铁', '集中供暖', '随时看房']"
北辰,北仓镇,引河里,63.98,2室1厅1卫,,南 北,无,民水,民电,有,集中供暖,季付,900,900,0,需咨询,"['集中供暖', '随时看房']"
红桥,西沽街,湘潭东里,71.00,2室1厅1卫,,东 西,无,民水,民电,有,集中供暖,季付,1700,1700,0,需咨询,['集中供暖']
津南,海河教育园区,天悦风华,15.00,3室1厅1卫,精装修,南,有,民水,民电,有,集中供暖,月付,1218,1218,121.8,0,"['公寓', '近地铁', '精装', '集中供暖', '押一付一', '随时看房']"
西青,张家窝,津门正荣府,8.50,4室1厅1卫,精装修,北,有,民水,民电,有,集中供暖,月付,976,976,97.6,0,"['公寓', '精装', '集中供暖', '押一付一']"
河西,挂甲寺,景兴西里,35.00,1室1厅1卫,精装修,南,无,民水,民电,有,集中供暖,月付,2719,2719,271.9,0,"['公寓', '近地铁', '精装', '集中供暖', '押一付一', '随时看房']"
津南,八里台,中海国际公园城望湖苑,115.00,3室2厅1卫,精装修,南 北,有,民水,民电,有,集中供暖,季付,1600,1600,0,需咨询,"['精装', '集中供暖']"
河西,大营门,敬重里,52.25,2室2厅1卫,,南 北,无,民水,民电,有,集中供暖,季付,3260,3260,0,需咨询,"['近地铁', '集中供暖']"
河北,月牙河,琴江公寓,51.86,1室1厅1卫,精装修,南 北,无,民水,民电,有,集中供暖,季付,1500,1500,0,需咨询,"['精装', '集中供暖']"
河西,陈塘庄,中海寰宇天下,11.00,3室1厅1卫,精装修,南,有,民水,民电,有,集中供暖,月付,1200,1200,120,0,"['公寓', '月租', '近地铁', '精装', '集中供暖', '押一付一', '随时看房']"
滨海新区,中新生态城,力高二期逸海苑,74.00,2室2厅1卫,精装修,南,有,暂无数据,民电,有,集中供暖,季付,1400,1400,0,需咨询,"['精装', '集中供暖', '随时看房']"
南开,体育中心街,山海天家园,172.00,3室2厅2卫,,南 北,有,民水,民电,有,集中供暖,季付,8000,8000,0,需咨询,"['近地铁', '集中供暖', '双卫生间', '随时看房']"
河东,中山门街,互助南里,27.55,1室1厅1卫,精装修,北,无,民水,民电,有,集中供暖,月付,2341,2341,234.1,0,"['公寓', '精装', '集中供暖', '押一付一']"
红桥,双环邨,振业名邸,10.00,3室1厅1卫,精装修,南,有,民水,民电,有,集中供暖,月付,1144,1144,114.4,0,"['公寓', '近地铁', '精装', '集中供暖', '押一付一', '随时看房']"
北辰,宜兴埠,金地艺城华府北润华庭,12.70,4室1厅1卫,精装修,南,有,民水,民电,有,集中供暖,月付,1039,1039,103.9,0,"['公寓', '近地铁', '精装', '集中供暖', '押一付一', '随时看房']"
塘沽,杭州道,文安里,58.00,1室1厅1卫,,东 西,无,民水,民电,有,集中供暖,季付,1500,1500,0,需咨询,['集中供暖']
南开,王顶堤,融创中心,45.00,1室1厅1卫,精装修,西,有,商水,商电,有,集中供暖,月付,3076,3076,307.6,0,"['公寓', '近地铁', '精装', '集中供暖', '押一付一']"
西青,张家窝,招商公园1872,7.75,4室1厅1卫,精装修,南,有,民水,民电,有,集中供暖,月付,976,976,97.6,0,"['公寓', '近地铁', '精装', '集中供暖', '押一付一', '随时看房']"
河东,中山门街,互助南里,27.55,1室1厅1卫,精装修,北,无,民水,民电,有,集中供暖,月付,2341,2341,234.1,0,"['公寓', '精装', '集中供暖', '押一付一']"
静海,团泊西,中昂安纳西小镇,105.00,3室2厅2卫,,南 北,有,民水,民电,有,集中供暖,季付,700,700,0,需咨询,"['集中供暖', '双卫生间', '随时看房']"
南开,广开街,级升里,35.47,1室1厅1卫,精装修,南 北,无,民水,民电,有,集中供暖,季付,2300,2300,0,需咨询,"['近地铁', '精装', '集中供暖', '随时看房']"
西青,精武镇,万科翡翠大道,14.30,4室1厅1卫,精装修,南,有,民水,民电,有,集中供暖,月付,1459,1459,145.9,0,"['公寓', '近地铁', '精装', '集中供暖', '押一付一', '随时看房']"
静海,团泊西,天津锦绣学府,80.00,2室1厅1卫,,南 北,有,民水,民电,有,集中供暖,季付,800,800,0,需咨询,"['集中供暖', '随时看房']"
西青,中北镇,富力湾天阔园,13.40,3室1厅1卫,精装修,南,有,民水,民电,有,集中供暖,月付,1354,1354,135.4,0,"['公寓', '精装', '集中供暖', '押一付一']"
红桥,西于庄,子牙里,40.72,1室1厅1卫,,南,无,民水,民电,有,集中供暖,季付,1100,1100,0,需咨询,"['集中供暖', '随时看房']"
南开,广开街,级升里,35.47,1室1厅1卫,精装修,南 北,无,民水,民电,有,集中供暖,季付,2300,2300,0,需咨询,"['近地铁', '精装', '集中供暖', '随时看房']"
塘沽,北塘街,碧桂园天樾园,81.00,2室1厅1卫,,南 北,无,民水,民电,有,集中供暖,季付,800,800,0,需咨询,['集中供暖']
河西,尖山,洪泽花园,85.00,2室1厅1卫,,东 西,无,民水,民电,有,集中供暖,年付,6800,6800,0,需咨询,"['近地铁', '集中供暖']"
武清,下朱庄,富兴御园,137.36,4室2厅2卫,,南,有,民水,民电,有,集中供暖,季付,600,600,0,需咨询,"['集中供暖', '双卫生间', '随时看房']"
武清,武清其它,麒麟公馆,45.00,1室1厅1卫,精装修,南,有,商水,商电,有,集中供暖,季付,1600,1600,0,需咨询,"['精装', '集中供暖', '随时看房', '非居住房屋']"
河西,友谊路,天成公寓,14.00,4室1厅2卫,精装修,南,无,民水,民电,有,集中供暖,月付,1300,1300,135,0,"['公寓', '近地铁', '精装', '独立阳台', '集中供暖', '押一付一', '随时看房']"
东丽,新立街,民航小区,64.00,2室1厅1卫,,南 北,无,暂无数据,暂无数据,暂无数据,暂无数据,需咨询,1700,1700,0,需咨询,['近地铁']
塘沽,工农村,贻锦台,102.28,2室1厅1卫,,南,有,民水,民电,有,集中供暖,季付,3000,3000,0,需咨询,"['集中供暖', '随时看房']"
和平,体育馆街,诚基经贸中心,58.21,1室1厅1卫,精装修,北,有,民水,民电,无,暂无数据,季付,2300,2300,1150,0,"['公寓', '独立卫生间', '月租', '近地铁', '精装', '独立阳台', '随时看房']"
津南,双港,金地格林世界棕榈苑D区,91.00,2室1厅1卫,,南,有,民水,民电,有,集中供暖,季付,1300,1300,0,需咨询,['集中供暖']
河东,富民路,郑庄子大街,50.00,2室1厅1卫,,东,无,暂无数据,暂无数据,有,集中供暖,季付,1600,1600,0,需咨询,['集中供暖']
塘沽,北塘街,碧桂园天樾园,81.00,2室1厅1卫,,南 北,无,民水,民电,有,集中供暖,季付,800,800,0,需咨询,['集中供暖']
北辰,双街,融创东岸名郡,97.80,3室2厅1卫,,南 北,有,民水,民电,有,集中供暖,季付,600,600,0,需咨询,['集中供暖']
南开,长虹街,雅园里,39.86,1室1厅1卫,精装修,南,无,民水,民电,有,集中供暖,月付,2446,2446,244.6,0,"['公寓', '近地铁', '精装', '集中供暖', '押一付一', '随时看房']"
河东,中山门街,丰乐里,64.49,2室1厅1卫,精装修,北,无,民水,民电,有,集中供暖,月付,2866,2866,286.6,0,"['公寓', '近地铁', '精装', '集中供暖', '押一付一']"
津南,咸水沽,新城吾悦广场,12.90,4室1厅1卫,精装修,南,有,民水,民电,有,集中供暖,月付,1144,1144,114.4,0,"['公寓', '近地铁', '精装', '集中供暖', '押一付一']"
武清,黄庄,观澜花苑,118.00,3室1厅2卫,,南 北,无,民水,民电,有,集中供暖,季付,1000,1000,0,需咨询,"['集中供暖', '双卫生间', '随时看房']"
津南,八里台,中海国际公园城望湖苑,115.00,3室2厅1卫,精装修,南 北,有,民水,民电,有,集中供暖,季付,1600,1600,0,需咨询,"['精装', '集中供暖']"
北辰,北仓镇,引河里,55.20,2室1厅1卫,,南,无,民水,民电,有,集中供暖,季付,900,900,0,需咨询,['集中供暖']
西青,精武镇,金地艺墅家芸泽苑,12.00,4室1厅1卫,精装修,南,有,民水,民电,有,集中供暖,月付,1669,1669,166.9,0,"['公寓', '独立卫生间', '月租', '精装', '集中供暖', '押一付一', '随时看房']"
北辰,宜兴埠,金地成宁府,10.30,4室1厅1卫,精装修,南,有,民水,民电,有,集中供暖,月付,1081,1081,108.1,0,"['公寓', '近地铁', '精装', '集中供暖', '押一付一', '随时看房']"
东丽,华明镇,大唐印象唐槿苑,11.60,4室1厅1卫,精装修,南,有,民水,民电,有,集中供暖,月付,934,934,93.4,0,"['公寓', '精装', '集中供暖', '押一付一', '随时看房']"
津南,辛庄,首创悦山郡,11.50,3室1厅1卫,精装修,南,有,民水,民电,有,集中供暖,月付,934,934,93.4,0,"['公寓', '精装', '集中供暖', '押一付一']"
塘沽,北塘街,碧桂园天樾园,81.00,2室1厅1卫,,南 北,无,民水,民电,有,集中供暖,季付,800,800,0,需咨询,['集中供暖']
河西,尖山,格调绮园双迎里,140.00,1室0厅1卫,,西,无,暂无数据,暂无数据,有,集中供暖,季付,10000,10000,0,需咨询,"['集中供暖', '随时看房', '非居住房屋']"
武清,杨村,雅静园,86.00,2室1厅1卫,,南,有,民水,民电,有,集中供暖,季付,1200,1200,0,需咨询,['集中供暖']
武清,高村,首创国际半岛采薇雅苑,86.43,2室1厅1卫,精装修,南,有,民水,民电,有,自采暖,季付,1500,1500,0,需咨询,"['精装', '随时看房']"
红桥,双环邨,振业名邸,10.00,3室1厅1卫,精装修,南,有,民水,民电,有,集中供暖,月付,1144,1144,114.4,0,"['公寓', '近地铁', '精装', '集中供暖', '押一付一', '随时看房']"
津南,八里台,中海国际公园城望湖苑,89.84,2室1厅1卫,,南,有,民水,民电,有,集中供暖,季付,800,800,0,需咨询,['集中供暖']
和平,南营门街,银行里,58.00,1室1厅1卫,,南,无,民水,民电,有,集中供暖,季付,3200,3200,0,需咨询,"['近地铁', '集中供暖']"
河东,太阳城,路劲太阳城皓阳园,15.00,3室1厅1卫,精装修,南,有,民水,民电,有,集中供暖,月付,1100,1100,110,0,"['公寓', '月租', '近地铁', '精装', '集中供暖', '押一付一']"
河西,陈塘庄,中海寰宇天下,11.00,3室1厅1卫,精装修,南,有,民水,民电,有,集中供暖,月付,1200,1200,120,0,"['公寓', '月租', '近地铁', '精装', '集中供暖', '押一付一', '随时看房']"
北辰,宜兴埠,金地成宁府,10.30,4室1厅1卫,精装修,南,有,民水,民电,有,集中供暖,月付,1081,1081,108.1,0,"['公寓', '近地铁', '精装', '集中供暖', '押一付一', '随时看房']"
河东,二号桥街,河东融科瀚棠,17.00,3室1厅1卫,精装修,南,有,民水,民电,有,集中供暖,月付,1300,1300,130,0,"['公寓', '月租', '精装', '集中供暖', '押一付一', '随时看房']"
和平,体育馆街,诚基经贸中心,58.21,1室1厅1卫,精装修,北,有,民水,民电,无,暂无数据,季付,2300,2300,1150,0,"['公寓', '独立卫生间', '月租', '近地铁', '精装', '独立阳台', '随时看房']"
武清,高村,首创国际半岛采薇雅苑,86.43,2室1厅1卫,精装修,南,有,民水,民电,有,自采暖,季付,1500,1500,0,需咨询,"['精装', '随时看房']"
北辰,果园新村,顺和北里,100.00,2室1厅1卫,,南 北,无,暂无数据,暂无数据,有,集中供暖,季付,1500,1500,0,需咨询,['集中供暖']
武清,下朱庄,云舒花园,99.62,2室1厅1卫,,南 北,有,暂无数据,暂无数据,有,集中供暖,半年付,500,500,0,需咨询,"['集中供暖', '随时看房']"
南开,王顶堤,堤翠家园,11.02,3室1厅1卫,精装修,南,有,民水,民电,有,集中供暖,月付,1428,1428,142.8,0,"['公寓', '近地铁', '精装', '集中供暖', '押一付一']"
塘沽,杭州道,锦州里,55.88,2室1厅1卫,,南 北,无,民水,民电,有,集中供暖,季付,1500,1500,0,需咨询,['集中供暖']
河西,大营门,平安大厦,219.71,1室0厅0卫,精装修,南,有,暂无数据,暂无数据,无,自采暖,季付,20975,20975,0,需咨询,"['近地铁', '精装']"
河西,陈塘庄,四季馨园,95.24,2室1厅1卫,精装修,南 北,无,民水,民电,有,集中供暖,季付,3100,3100,0,需咨询,"['近地铁', '精装', '集中供暖', '随时看房']"
西青,张家窝,保利拾光年,8.73,3室1厅1卫,精装修,北,有,民水,民电,有,集中供暖,月付,1081,1081,108.1,0,"['公寓', '精装', '集中供暖', '押一付一', '随时看房']"
津南,咸水沽,世茂璀璨公园,125.00,3室2厅2卫,精装修,南,有,民水,民电,有,集中供暖,季付,2400,2400,0,需咨询,"['精装', '集中供暖', '双卫生间', '随时看房']"
武清,杨村,雅静园,86.00,2室1厅1卫,,南,有,民水,民电,有,集中供暖,季付,1200,1200,0,需咨询,['集中供暖']
北辰,宜兴埠,金地艺城华府北润华庭,12.70,4室1厅1卫,精装修,南,有,民水,民电,有,集中供暖,月付,1039,1039,103.9,0,"['公寓', '近地铁', '精装', '集中供暖', '押一付一', '随时看房']"
津南,咸水沽,世茂璀璨公园,125.00,3室2厅2卫,精装修,南,有,民水,民电,有,集中供暖,季付,2400,2400,0,需咨询,"['精装', '集中供暖', '双卫生间', '随时看房']"
北辰,果园新村,朝阳里（北辰区）,31.75,2室1厅0卫,,南 北,无,暂无数据,暂无数据,有,自采暖,季付,650,650,0,需咨询,[]
南开,王顶堤,华宁北里,38.27,1室1厅1卫,精装修,南,无,民水,民电,有,集中供暖,月付,2614,2614,261.4,0,"['公寓', '近地铁', '精装', '集中供暖', '押一付一']"
北辰,双街,龙德园,117.00,3室2厅2卫,,南 北,有,暂无数据,暂无数据,有,集中供暖,季付,2300,2300,0,需咨询,"['集中供暖', '双卫生间', '随时看房']"
和平,体育馆街,诚基经贸中心,58.21,1室1厅1卫,精装修,北,有,民水,民电,无,暂无数据,季付,2300,2300,1150,0,"['公寓', '独立卫生间', '月租', '近地铁', '精装', '独立阳台', '随时看房']"
塘沽,向阳街,佳源·观城,91.00,2室1厅1卫,,南 北,有,暂无数据,暂无数据,有,集中供暖,季付,1500,1500,0,需咨询,"['月租', '集中供暖', '随时看房']"
津南,双港,金地格林世界棕榈苑D区,73.00,1室1厅1卫,精装修,南 北,有,民水,民电,有,集中供暖,季付,2300,2300,0,需咨询,"['精装', '集中供暖', '随时看房']"
武清,东蒲洼街,集美雍阳,117.04,3室2厅2卫,,南 北,有,民水,民电,有,集中供暖,半年付,800,800,0,需咨询,"['集中供暖', '双卫生间', '随时看房']"
红桥,咸阳北路,东方楼,58.00,2室1厅1卫,,东 西,无,民水,民电,有,集中供暖,季付,1300,1300,0,需咨询,"['近地铁', '集中供暖']"
北辰,宜兴埠,荔红花园,8.28,3室1厅1卫,精装修,北,有,民水,民电,有,集中供暖,月付,903,903,90.3,0,"['公寓', '近地铁', '精装', '集中供暖', '押一付一', '随时看房']"
滨海新区,中新生态城,力高二期逸海苑,74.00,2室2厅1卫,精装修,南,有,暂无数据,民电,有,集中供暖,季付,1400,1400,0,需咨询,"['精装', '集中供暖', '随时看房']"
津南,咸水沽,华远景瑞海蓝城,96.00,3室2厅1卫,精装修,南 北,有,民水,民电,有,集中供暖,半年付,1800,1800,0,需咨询,"['精装', '集中供暖', '随时看房']"
河东,富民路,郑庄子大街,50.00,2室1厅1卫,,东,无,暂无数据,暂无数据,有,集中供暖,季付,1600,1600,0,需咨询,['集中供暖']
津南,咸水沽,富力又一城合雅园,80.00,2室1厅1卫,,南,有,民水,民电,有,集中供暖,季付,1700,1700,0,需咨询,['集中供暖']
塘沽,向阳街,佳源·观城,91.00,2室1厅1卫,,南 北,有,暂无数据,暂无数据,有,集中供暖,季付,1500,1500,0,需咨询,"['月租', '集中供暖', '随时看房']"
津南,八里台,中海国际公园城,125.79,3室2厅2卫,精装修,南 北,有,民水,民电,有,集中供暖,季付,2000,2000,0,需咨询,"['精装', '集中供暖', '双卫生间', '随时看房']"
东丽,万新街,南大桥中铁十六局宿舍楼,64.08,2室1厅1卫,,南,无,暂无数据,暂无数据,有,集中供暖,季付,1450,1450,0,需咨询,"['官方核验', '近地铁', '集中供暖']"
塘沽,工农村,贻锦台,102.28,2室1厅1卫,,南,有,民水,民电,有,集中供暖,季付,3000,3000,0,需咨询,"['集中供暖', '随时看房']"
津南,八里台,中海国际公园城,109.00,3室1厅2卫,,南 北,有,民水,民电,有,集中供暖,季付,800,800,0,需咨询,"['集中供暖', '双卫生间', '随时看房']"
武清,静湖,静湖花园东区,69.12,1室1厅1卫,精装修,南,有,民水,民电,有,集中供暖,季付,1000,1000,0,需咨询,"['精装', '集中供暖', '随时看房']"
塘沽,三槐路街,朝阳新村,56.00,2室1厅1卫,,南 北,无,民水,民电,有,集中供暖,季付,1550,1550,0,需咨询,['集中供暖']
北辰,北仓镇,金鹏里,85.46,2室1厅1卫,,南 北,无,民水,民电,有,集中供暖,季付,1450,1450,0,需咨询,"['集中供暖', '随时看房']"
北辰,瑞景居住区,艺术家园,11.10,5室1厅2卫,精装修,南,无,民水,民电,有,集中供暖,月付,1144,1144,114.4,0,"['公寓', '近地铁', '精装', '集中供暖', '押一付一', '随时看房']"
西青,中北镇,富力湾天阔园,50.00,1室0厅1卫,,南,无,民水,民电,有,集中供暖,半年付,4500,4500,0,需咨询,"['集中供暖', '非居住房屋']"
东丽,空港经济区,名居花园,8.80,3室1厅1卫,精装修,北,有,民水,民电,有,集中供暖,月付,1249,1249,124.9,0,"['公寓', '精装', '集中供暖', '押一付一', '随时看房']"
滨海新区,中新生态城,天铂澄园,99.00,3室1厅1卫,精装修,南 北,有,民水,民电,有,集中供暖,季付,2500,2500,0,需咨询,"['精装', '集中供暖']"
滨海新区,汉沽,后坨里,44.90,1室1厅1卫,,南,无,暂无数据,暂无数据,有,集中供暖,季付,700,700,0,需咨询,['集中供暖']
武清,高村,首创国际半岛采薇雅苑,86.43,2室1厅1卫,精装修,南,有,民水,民电,有,自采暖,季付,1500,1500,0,需咨询,"['精装', '随时看房']"
塘沽,杭州道,文安里,58.00,1室1厅1卫,,东 西,无,民水,民电,有,集中供暖,季付,1500,1500,0,需咨询,['集中供暖']
西青,中北镇,富力湾天阔园,50.00,1室0厅1卫,,南,无,民水,民电,有,集中供暖,半年付,4500,4500,0,需咨询,"['集中供暖', '非居住房屋']"
西青,张家窝,海泰都市汇,45.15,1室0厅0卫,精装修,南,有,暂无数据,暂无数据,无,集中供暖,季付,1380,1380,0,需咨询,"['精装', '集中供暖', '非居住房屋']"
东丽,东丽湖,恒大翡翠华庭,87.00,2室1厅1卫,,南 北,有,民水,民电,有,集中供暖,季付,600,600,0,需咨询,['集中供暖']
武清,武清其它,碧桂园莫奈的湖,108.28,3室2厅1卫,精装修,南 北,有,民水,民电,有,集中供暖,季付,1100,1100,0,需咨询,"['精装', '集中供暖']"
北辰,集贤里,集贤里(北辰区),53.00,2室1厅1卫,,南 北,无,民水,民电,有,集中供暖,季付,1100,1100,0,需咨询,"['集中供暖', '随时看房']"
武清,武清其它,麒麟公馆,45.00,1室1厅1卫,精装修,南,有,商水,商电,有,集中供暖,季付,1600,1600,0,需咨询,"['精装', '集中供暖', '随时看房', '非居住房屋']"
塘沽,工农村,贻锦台,102.28,2室1厅1卫,,南,有,民水,民电,有,集中供暖,季付,3000,3000,0,需咨询,"['集中供暖', '随时看房']"
北辰,宜兴埠,金地艺城华府北润华庭,82.00,2室1厅1卫,精装修,南,有,民水,民电,有,集中供暖,季付,2100,2100,0,需咨询,"['精装', '集中供暖']"
津南,咸水沽,富力又一城合雅园,80.00,2室1厅1卫,,南,有,民水,民电,有,集中供暖,季付,1700,1700,0,需咨询,['集中供暖']
西青,张家窝,海泰都市汇,45.15,1室0厅0卫,精装修,南,有,暂无数据,暂无数据,无,集中供暖,季付,1380,1380,0,需咨询,"['精装', '集中供暖', '非居住房屋']"
东丽,万新街,胜林北苑,58.00,1室1厅1卫,,南,无,暂无数据,暂无数据,暂无数据,暂无数据,季付,750,750,0,需咨询,[]
北辰,瑞景居住区,艺术家园,11.10,5室1厅2卫,精装修,南,无,民水,民电,有,集中供暖,月付,1144,1144,114.4,0,"['公寓', '近地铁', '精装', '集中供暖', '押一付一', '随时看房']"
北辰,双街,融创东岸名郡,117.60,3室2厅1卫,,南 北,有,民水,民电,有,集中供暖,季付,600,600,0,需咨询,"['集中供暖', '随时看房']"
北辰,瑞景居住区,瑞宁嘉园,9.90,3室1厅1卫,精装修,北,无,民水,民电,有,集中供暖,月付,1039,1039,103.9,0,"['公寓', '近地铁', '精装', '集中供暖', '押一付一']"
河西,天塔街,宾水南里,55.33,2室1厅1卫,精装修,东南,无,民水,民电,有,集中供暖,季付,2500,2500,0,需咨询,"['近地铁', '精装', '集中供暖']"
北辰,双街,融创东岸名郡,97.80,3室2厅1卫,,南 北,有,民水,民电,有,集中供暖,季付,600,600,0,需咨询,['集中供暖']
河西,陈塘庄,天房六合国际,10.80,3室1厅1卫,精装修,南,有,民水,民电,有,集中供暖,月付,1459,1459,145.9,0,"['公寓', '近地铁', '精装', '集中供暖', '押一付一', '随时看房']"
武清,东蒲洼街,悦光年,33.00,1室1厅1卫,精装修,南,有,商水,商电,无,集中供暖,季付,1100,1100,0,需咨询,"['精装', '集中供暖', '非居住房屋']"
滨海新区,中新生态城,天铂澄园,99.00,3室1厅1卫,精装修,南 北,有,民水,民电,有,集中供暖,季付,2500,2500,0,需咨询,"['精装', '集中供暖']"
河西,尖山,洪泽花园,85.00,2室1厅1卫,,东 西,无,民水,民电,有,集中供暖,年付,6800,6800,0,需咨询,"['近地铁', '集中供暖']"
北辰,集贤里,讷河里,64.25,2室1厅1卫,,南 北,无,民水,民电,有,集中供暖,季付,800,800,0,需咨询,['集中供暖']
南开,王顶堤,鹤园北里,15.00,2室1厅1卫,精装修,东,无,民水,民电,有,集中供暖,月付,1459,1459,145.9,0,"['公寓', '近地铁', '精装', '集中供暖', '押一付一', '随时看房']"
塘沽,向阳街,佳源·观城,91.00,2室1厅1卫,,南 北,有,暂无数据,暂无数据,有,集中供暖,季付,1500,1500,0,需咨询,"['月租', '集中供暖', '随时看房']"
西青,张家窝,津门正荣府,8.20,3室1厅1卫,精装修,北,有,民水,民电,有,集中供暖,月付,976,976,97.6,0,"['公寓', '精装', '集中供暖', '押一付一', '随时看房']"
南开,水上公园街,阳光100天塔喜马拉雅,53.58,1室1厅1卫,精装修,北,有,民水,民电,有,集中供暖,月付,4861,4861,486.1,0,"['公寓', '精装', '集中供暖', '押一付一']"
河东,二号桥街,河东融科瀚棠,17.00,3室1厅1卫,精装修,南,有,民水,民电,有,集中供暖,月付,1300,1300,130,0,"['公寓', '月租', '精装', '集中供暖', '押一付一', '随时看房']"
津南,八里台,中海国际公园城鸣湖苑,188.00,3室2厅2卫,,南 北,无,民水,民电,有,集中供暖,季付,2000,2000,0,需咨询,"['集中供暖', '双卫生间', '随时看房']"
东丽,东丽湖,东丽湖万科城阅桦苑,91.55,2室2厅1卫,,南 北,有,民水,民电,有,集中供暖,季付,1300,1300,0,需咨询,"['集中供暖', '随时看房']"
南开,王顶堤,华宁北里,38.27,1室1厅1卫,精装修,南,无,民水,民电,有,集中供暖,月付,2614,2614,261.4,0,"['公寓', '近地铁', '精装', '集中供暖', '押一付一']"
南开,长虹街,宜川北里,33.00,1室1厅1卫,精装修,南,无,民水,民电,有,集中供暖,月付,2719,2719,271.9,0,"['公寓', '近地铁', '精装', '集中供暖', '押一付一', '随时看房']"
红桥,双环邨,振业名邸,10.00,3室1厅1卫,精装修,南,有,民水,民电,有,集中供暖,月付,1144,1144,114.4,0,"['公寓', '近地铁', '精装', '集中供暖', '押一付一', '随时看房']"
津南,咸水沽,华远景瑞海蓝城,96.00,3室2厅1卫,精装修,南 北,有,民水,民电,有,集中供暖,半年付,1800,1800,0,需咨询,"['精装', '集中供暖', '随时看房']"
西青,精武镇,万科翡翠大道,9.10,4室1厅1卫,精装修,南,有,民水,民电,有,集中供暖,月付,1354,1354,135.4,0,"['公寓', '月租', '近地铁', '精装', '集中供暖', '押一付一', '随时看房']"
东丽,万新街,胜林北苑,58.00,1室1厅1卫,,南,无,暂无数据,暂无数据,暂无数据,暂无数据,季付,750,750,0,需咨询,[]
南开,体育中心街,山海天家园,172.00,3室2厅2卫,,南 北,有,民水,民电,有,集中供暖,季付,8000,8000,0,需咨询,"['近地铁', '集中供暖', '双卫生间', '随时看房']"
津南,八里台,融创星耀五洲,106.24,3室2厅2卫,精装修,南,有,民水,民电,有,集中供暖,季付,1900,1900,0,需咨询,"['精装', '集中供暖', '双卫生间']"
东丽,东丽湖,东丽湖万科城阅桦苑,91.55,2室2厅1卫,,南 北,有,民水,民电,有,集中供暖,季付,1300,1300,0,需咨询,"['集中供暖', '随时看房']"
西青,李七庄,融泰城,12.80,5室1厅1卫,精装修,南,有,民水,民电,有,集中供暖,月付,1533,1533,153.3,0,"['公寓', '独立卫生间', '精装', '集中供暖', '押一付一', '随时看房']"
津南,咸水沽,华远景瑞海蓝城,96.00,3室2厅1卫,精装修,南 北,有,民水,民电,有,集中供暖,半年付,1800,1800,0,需咨询,"['精装', '集中供暖', '随时看房']"
东丽,华明镇,华润橡树湾仰润轩,82.00,2室1厅1卫,精装修,南,有,民水,民电,有,集中供暖,季付,2300,2300,0,需咨询,"['精装', '集中供暖']"
西青,张家窝,招商公园1872,6.60,4室1厅1卫,精装修,北,有,民水,民电,有,集中供暖,月付,871,871,87.1,0,"['公寓', '近地铁', '精装', '集中供暖', '押一付一', '随时看房']"
武清,武清其它,茗锦花园,94.68,2室1厅1卫,,南 北,无,暂无数据,暂无数据,无,集中供暖,半年付,1200,1200,0,需咨询,"['集中供暖', '随时看房']"
南开,万兴街,龙井里,16.90,2室1厅1卫,精装修,南,无,民水,民电,有,集中供暖,月付,1660,1660,166,0,"['公寓', '月租', '近地铁', '精装', '独立阳台', '集中供暖', '押一付一', '随时看房']"
津南,双港,金地格林世界棕榈苑D区,73.00,1室1厅1卫,精装修,南 北,有,民水,民电,有,集中供暖,季付,2300,2300,0,需咨询,"['精装', '集中供暖', '随时看房']"
滨海新区,中新生态城,ParkTower景杉,78.00,2室2厅1卫,精装修,南,有,民水,民电,有,集中供暖,季付,2200,2200,0,需咨询,"['精装', '集中供暖', '随时看房']"
滨海新区,中新生态城,ParkTower景杉,78.00,2室2厅1卫,精装修,南,有,民水,民电,有,集中供暖,季付,2200,2200,0,需咨询,"['精装', '集中供暖', '随时看房']"
河西,柳林街,天山里,76.38,3室1厅1卫,,东 西,无,民水,民电,有,集中供暖,季付,6000,6000,0,需咨询,"['近地铁', '集中供暖']"
津南,海河教育园区,天悦风华,15.00,3室1厅1卫,精装修,南,有,民水,民电,有,集中供暖,月付,1218,1218,121.8,0,"['公寓', '近地铁', '精装', '集中供暖', '押一付一', '随时看房']"
和平,劝业场,包头道,20.25,2室0厅0卫,,南,无,暂无数据,暂无数据,有,集中供暖,季付,2000,2000,0,需咨询,"['近地铁', '集中供暖', '随时看房']"
武清,黄庄,观澜花苑,118.00,3室1厅2卫,,南 北,无,民水,民电,有,集中供暖,季付,1000,1000,0,需咨询,"['集中供暖', '双卫生间', '随时看房']"
河西,尖山,洪泽花园,85.00,2室1厅1卫,,东 西,无,民水,民电,有,集中供暖,年付,6800,6800,0,需咨询,"['近地铁', '集中供暖']"
塘沽,新港,贻芳嘉园,108.00,2室2厅1卫,精装修,南 北,有,民水,民电,有,集中供暖,季付,2300,2300,0,需咨询,"['精装', '集中供暖', '随时看房']"
武清,武清其它,碧桂园莫奈的湖,197.68,4室2厅3卫,,南 北,有,暂无数据,暂无数据,有,集中供暖,季付,1700,1700,0,需咨询,"['集中供暖', '随时看房']"
西青,张家窝,津洲花园,65.00,2室1厅1卫,精装修,南,无,暂无数据,暂无数据,有,集中供暖,季付,2500,2500,0,需咨询,"['精装', '集中供暖']"
西青,张家窝,社会山西苑,7.50,4室1厅1卫,精装修,北,有,民水,民电,有,集中供暖,月付,871,871,87.1,0,"['公寓', '精装', '集中供暖', '押一付一', '随时看房']"
津南,辛庄,美的云熙府,105.00,3室2厅2卫,精装修,东南,无,民水,民电,有,集中供暖,需咨询,2900,2900,0,需咨询,"['精装', '集中供暖', '双卫生间']"
西青,李七庄,融泰城,12.80,5室1厅1卫,精装修,南,有,民水,民电,有,集中供暖,月付,1533,1533,153.3,0,"['公寓', '独立卫生间', '精装', '集中供暖', '押一付一', '随时看房']"
西青,精武镇,万科翡翠大道,9.00,3室1厅1卫,精装修,北,有,民水,民电,有,集中供暖,月付,1249,1249,124.9,0,"['公寓', '月租', '近地铁', '精装', '集中供暖', '押一付一', '随时看房']"
北辰,宜兴埠,金地艺城华府北润华庭,82.00,2室1厅1卫,精装修,南,有,民水,民电,有,集中供暖,季付,2100,2100,0,需咨询,"['精装', '集中供暖']"
北辰,宜兴埠,金地艺城华府北润华庭,82.00,2室1厅1卫,精装修,南,有,民水,民电,有,集中供暖,季付,2100,2100,0,需咨询,"['精装', '集中供暖']"
南开,体育中心街,山海天家园,172.00,3室2厅2卫,,南 北,有,民水,民电,有,集中供暖,季付,8000,8000,0,需咨询,"['近地铁', '集中供暖', '双卫生间', '随时看房']"
东丽,新立街,民航小区,64.00,2室1厅1卫,,南 北,无,暂无数据,暂无数据,暂无数据,暂无数据,需咨询,1700,1700,0,需咨询,['近地铁']
塘沽,新港,贻芳嘉园,108.00,2室2厅1卫,精装修,南 北,有,民水,民电,有,集中供暖,季付,2300,2300,0,需咨询,"['精装', '集中供暖', '随时看房']"
河东,春华街,巨福园公寓,54.00,1室1厅1卫,精装修,南,有,暂无数据,暂无数据,无,集中供暖,季付,2300,2300,0,需咨询,"['近地铁', '精装', '集中供暖']"
红桥,丁字沽街,风采里,9.84,2室1厅1卫,精装修,北,无,民水,民电,有,集中供暖,月付,1323,1323,132.3,0,"['公寓', '近地铁', '精装', '独立阳台', '集中供暖', '押一付一', '随时看房']"
西青,精武镇,万科翡翠大道,14.30,4室1厅1卫,精装修,南,有,民水,民电,有,集中供暖,月付,1459,1459,145.9,0,"['公寓', '近地铁', '精装', '集中供暖', '押一付一', '随时看房']"
宝坻,建设路,宝境棠棣,108.07,3室2厅1卫,,南,有,民水,民电,有,集中供暖,季付,500,500,0,需咨询,"['月租', '集中供暖', '随时看房']"
西青,精武镇,万科翡翠大道,9.10,4室1厅1卫,精装修,南,有,民水,民电,有,集中供暖,月付,1354,1354,135.4,0,"['公寓', '月租', '近地铁', '精装', '集中供暖', '押一付一', '随时看房']"
滨海新区,汉沽,四季花苑,116.00,3室1厅2卫,精装修,南 北,无,民水,民电,有,集中供暖,季付,1500,1500,0,需咨询,"['精装', '集中供暖', '双卫生间']"
东丽,华明镇,逸园,96.64,2室1厅1卫,,南,有,民水,民电,有,集中供暖,季付,1700,1700,0,需咨询,"['集中供暖', '随时看房']"
东丽,华明镇,逸园,96.64,2室1厅1卫,,南,有,民水,民电,有,集中供暖,季付,1700,1700,0,需咨询,"['集中供暖', '随时看房']"
西青,张家窝,海泰都市汇,45.15,1室0厅0卫,精装修,南,有,暂无数据,暂无数据,无,集中供暖,季付,1380,1380,0,需咨询,"['精装', '集中供暖', '非居住房屋']"
西青,张家窝,津门正荣府,6.40,4室1厅1卫,精装修,北,无,民水,民电,有,集中供暖,月付,829,829,82.9,0,"['公寓', '精装', '集中供暖', '押一付一']"
西青,李七庄,五矿榕园,454.00,5室3厅3卫,精装修,南,无,民水,民电,有,集中供暖,季付,29000,29000,0,需咨询,"['精装', '集中供暖', '随时看房']"
河西,陈塘庄,四季馨园,95.24,2室1厅1卫,精装修,南 北,无,民水,民电,有,集中供暖,季付,3100,3100,0,需咨询,"['近地铁', '精装', '集中供暖', '随时看房']"
津南,双港,金地格林世界棕榈苑D区,73.00,1室1厅1卫,精装修,南 北,有,民水,民电,有,集中供暖,季付,2300,2300,0,需咨询,"['精装', '集中供暖', '随时看房']"
武清,东蒲洼街,悦光年,41.80,2室1厅1卫,精装修,南,有,暂无数据,暂无数据,无,集中供暖,季付,1300,1300,0,需咨询,"['精装', '集中供暖', '非居住房屋']"
塘沽,杭州道,贻兴园,95.00,2室2厅1卫,精装修,南 北,无,民水,民电,有,集中供暖,季付,1500,1500,0,需咨询,"['精装', '集中供暖']"
南开,水上公园街,水云花园,369.39,5室2厅3卫,精装修,南 北,无,民水,民电,有,集中供暖,季付,29800,29800,0,需咨询,"['精装', '集中供暖']"
河北,望海楼,金波里,50.70,1室1厅1卫,精装修,南,无,暂无数据,暂无数据,有,集中供暖,季付,1800,1800,0,需咨询,"['近地铁', '精装', '集中供暖', '随时看房']"
河东,中山门街,丰乐里,64.49,2室1厅1卫,精装修,北,无,民水,民电,有,集中供暖,月付,2866,2866,286.6,0,"['公寓', '近地铁', '精装', '集中供暖', '押一付一']"
和平,体育馆街,诚基经贸中心,60.70,1室1厅1卫,精装修,东,有,民水,民电,有,集中供暖,月付,3139,3139,313.9,0,"['公寓', '近地铁', '精装', '集中供暖', '押一付一', '随时看房']"
河北,铁东路,北宁湾(宁宇家园),47.00,1室1厅2卫,,西 北,有,民水,商电,无,集中供暖,季付,2200,2200,0,需咨询,"['近地铁', '集中供暖', '双卫生间', '非居住房屋']"
津南,辛庄,美的云熙府,105.00,3室2厅2卫,精装修,东南,无,民水,民电,有,集中供暖,需咨询,2900,2900,0,需咨询,"['精装', '集中供暖', '双卫生间']"
津南,辛庄,美的云熙府,105.00,3室2厅2卫,精装修,东南,无,民水,民电,有,集中供暖,需咨询,2900,2900,0,需咨询,"['精装', '集中供暖', '双卫生间']"
河西,陈塘庄,中海寰宇天下,11.00,3室1厅1卫,精装修,南,有,民水,民电,有,集中供暖,月付,1200,1200,120,0,"['公寓', '月租', '近地铁', '精装', '集中供暖', '押一付一', '随时看房']"
滨海新区,中新生态城,力高二期逸海苑,74.00,2室2厅1卫,精装修,南,有,暂无数据,民电,有,集中供暖,季付,1400,1400,0,需咨询,"['精装', '集中供暖', '随时看房']"
南开,长虹街,雅园里,39.86,1室1厅1卫,精装修,南,无,民水,民电,有,集中供暖,月付,2446,2446,244.6,0,"['公寓', '近地铁', '精装', '集中供暖', '押一付一', '随时看房']"
红桥,西沽街,湘潭东里,71.00,2室1厅1卫,,东 西,无,民水,民电,有,集中供暖,季付,1700,1700,0,需咨询,['集中供暖']
武清,下朱庄,云舒花园,99.62,2室1厅1卫,,南 北,有,暂无数据,暂无数据,有,集中供暖,半年付,500,500,0,需咨询,"['集中供暖', '随时看房']"
和平,南市,同庆后,33.00,1室1厅1卫,精装修,北,无,民水,民电,有,集中供暖,月付,2719,2719,271.9,0,"['公寓', '近地铁', '精装', '集中供暖', '押一付一']"
河西,大营门,敬重里,52.25,2室2厅1卫,,南 北,无,民水,民电,有,集中供暖,季付,3260,3260,0,需咨询,"['近地铁', '集中供暖']"
西青,张家窝,金融街融汇,12.00,3室1厅1卫,精装修,南,有,民水,民电,有,集中供暖,月付,1848,1848,184.8,0,"['公寓', '独立卫生间', '精装', '集中供暖', '押一付一', '随时看房']"
津南,双港,柳景家园,65.00,1室1厅1卫,精装修,南,有,暂无数据,暂无数据,有,集中供暖,季付,1700,1700,0,需咨询,"['精装', '集中供暖']"
红桥,丁字沽街,风采里,9.84,2室1厅1卫,精装修,北,无,民水,民电,有,集中供暖,月付,1323,1323,132.3,0,"['公寓', '近地铁', '精装', '独立阳台', '集中供暖', '押一付一', '随时看房']"
西青,张家窝,津门正荣府,8.50,4室1厅1卫,精装修,北,有,民水,民电,有,集中供暖,月付,976,976,97.6,0,"['公寓', '精装', '集中供暖', '押一付一']"
东丽,东丽湖,东丽湖万科城阅桦苑,91.55,2室2厅1卫,,南 北,有,民水,民电,有,集中供暖,季付,1300,1300,0,需咨询,"['集中供暖', '随时看房']"
南开,水上公园街,天房崇德园,13.40,3室1厅1卫,精装修,南,有,民水,民电,有,集中供暖,月付,1638,1638,163.8,0,"['公寓', '近地铁', '精装', '集中供暖', '押一付一', '随时看房']"
东丽,空港经济区,皇冠国际公寓,113.00,2室2厅1卫,精装修,东,有,商水,商电,无,集中供暖,季付,4000,4000,0,需咨询,"['精装', '集中供暖', '非居住房屋']"
东丽,东丽湖,恒大翡翠华庭,87.00,2室1厅1卫,,南 北,有,民水,民电,有,集中供暖,季付,600,600,0,需咨询,['集中供暖']
津南,双港,金地格林世界棕榈苑D区,12.30,3室1厅1卫,精装修,南,有,民水,民电,有,集中供暖,月付,1144,1144,114.4,0,"['公寓', '近地铁', '精装', '集中供暖', '押一付一', '随时看房']"
西青,中北镇,溪茗园,42.00,1室1厅1卫,,南,无,民水,民电,有,集中供暖,季付,1700,1700,0,需咨询,['集中供暖']
西青,中北镇,富力湾天阔园,13.40,3室1厅1卫,精装修,南,有,民水,民电,有,集中供暖,月付,1354,1354,135.4,0,"['公寓', '精装', '集中供暖', '押一付一']"
武清,佛罗伦萨,经纬城市绿洲华清家园,62.00,1室1厅1卫,精装修,南,有,民水,民电,有,集中供暖,季付,1500,1500,0,需咨询,"['精装', '集中供暖', '随时看房']"
和平,南营门街,银行里,58.00,1室1厅1卫,,南,无,民水,民电,有,集中供暖,季付,3200,3200,0,需咨询,"['近地铁', '集中供暖']"
西青,张家窝,金融街融汇,12.00,3室1厅1卫,精装修,南,有,民水,民电,有,集中供暖,月付,1848,1848,184.8,0,"['公寓', '独立卫生间', '精装', '集中供暖', '押一付一', '随时看房']"
武清,下朱庄,月伴湾花园,85.26,2室2厅1卫,,南 北,无,民水,民电,有,集中供暖,年付,500,500,0,需咨询,"['集中供暖', '随时看房']"
滨海新区,古林街,福居园,88.00,2室1厅1卫,,南 北,有,民水,民电,有,集中供暖,季付,600,600,0,需咨询,"['集中供暖', '随时看房']"
河北,望海楼,金波里,50.70,1室1厅1卫,精装修,南,无,暂无数据,暂无数据,有,集中供暖,季付,1800,1800,0,需咨询,"['近地铁', '精装', '集中供暖', '随时看房']"
南开,嘉陵道街,泊江东里,14.00,2室1厅1卫,精装修,南,无,民水,民电,有,集中供暖,月付,1669,1669,166.9,0,"['公寓', '近地铁', '精装', '集中供暖', '押一付一']"
红桥,双环邨,振业名邸,10.00,3室1厅1卫,精装修,南,有,民水,民电,有,集中供暖,月付,1144,1144,114.4,0,"['公寓', '近地铁', '精装', '集中供暖', '押一付一', '随时看房']"
河东,二号桥街,河东融科瀚棠,17.00,3室1厅1卫,精装修,南,有,民水,民电,有,集中供暖,月付,1300,1300,130,0,"['公寓', '月租', '精装', '集中供暖', '押一付一', '随时看房']"
津南,八里台,中海国际公园城望湖苑,115.00,3室2厅1卫,精装修,南 北,有,民水,民电,有,集中供暖,季付,1600,1600,0,需咨询,"['精装', '集中供暖']"
塘沽,杭州道,贻兴园,95.00,2室2厅1卫,精装修,南 北,无,民水,民电,有,集中供暖,季付,1500,1500,0,需咨询,"['精装', '集中供暖']"
东丽,万新街,南大桥中铁十六局宿舍楼,64.08,2室1厅1卫,,南,无,暂无数据,暂无数据,有,集中供暖,季付,1450,1450,0,需咨询,"['官方核验', '近地铁', '集中供暖']"
北辰,宜兴埠,天津恒大御景湾,10.30,5室1厅1卫,精装修,南,有,民水,民电,有,集中供暖,月付,903,903,90.3,0,"['公寓', '近地铁', '精装', '集中供暖', '押一付一', '随时看房']"
南开,嘉陵道街,泊江东里,13.56,3室1厅1卫,精装修,南,无,民水,民电,有,集中供暖,月付,1501,1501,150.1,0,"['公寓', '近地铁', '精装', '集中供暖', '押一付一', '随时看房']"
东丽,东丽湖,恒大翡翠华庭,87.00,2室1厅1卫,,南 北,有,民水,民电,有,集中供暖,季付,600,600,0,需咨询,['集中供暖']
和平,南市,同庆后,33.00,1室1厅1卫,精装修,北,无,民水,民电,有,集中供暖,月付,2719,2719,271.9,0,"['公寓', '近地铁', '精装', '集中供暖', '押一付一']"
西青,津门湖,富力津门湖红树花园,160.00,3室2厅2卫,精装修,南 西北,有,民水,民电,有,集中供暖,季付,7000,7000,0,需咨询,"['近地铁', '精装', '集中供暖', '双卫生间']"
南开,万兴街,龙井里,16.90,2室1厅1卫,精装修,南,无,民水,民电,有,集中供暖,月付,1660,1660,166,0,"['公寓', '月租', '近地铁', '精装', '独立阳台', '集中供暖', '押一付一', '随时看房']"
塘沽,新港,贻芳嘉园,108.00,2室2厅1卫,精装修,南 北,有,民水,民电,有,集中供暖,季付,2300,2300,0,需咨询,"['精装', '集中供暖', '随时看房']"
河西,尖山,津铁泽苑,12.00,3室1厅1卫,精装修,北,有,民水,民电,有,集中供暖,月付,1230,1230,123,0,"['公寓', '近地铁', '精装', '集中供暖', '押一付一', '随时看房']"
津南,八里台,中海国际公园城鸣湖苑,188.00,3室2厅2卫,,南 北,无,民水,民电,有,集中供暖,季付,2000,2000,0,需咨询,"['集中供暖', '双卫生间', '随时看房']"
北辰,宜兴埠,金地艺城华府北润华庭,5.90,4室1厅1卫,精装修,北,有,民水,民电,有,集中供暖,月付,766,766,76.6,0,"['公寓', '近地铁', '精装', '集中供暖', '押一付一', '随时看房']"
河东,中山门街,民族园,56.59,1室1厅1卫,精装修,东,有,民水,民电,有,集中供暖,季付,2000,2000,0,需咨询,"['精装', '集中供暖']"
河北,月牙河,琴江公寓,51.86,1室1厅1卫,精装修,南 北,无,民水,民电,有,集中供暖,季付,1500,1500,0,需咨询,"['精装', '集中供暖']"
塘沽,三槐路街,朝阳新村,56.00,2室1厅1卫,,南 北,无,民水,民电,有,集中供暖,季付,1550,1550,0,需咨询,['集中供暖']
武清,东蒲洼街,蒲瑞馨园南区,119.00,3室2厅1卫,精装修,南 北,有,民水,民电,有,集中供暖,年付,2700,2700,0,需咨询,"['精装', '集中供暖']"
红桥,咸阳北路,东方楼,58.00,2室1厅1卫,,东 西,无,民水,民电,有,集中供暖,季付,1300,1300,0,需咨询,"['近地铁', '集中供暖']"
武清,新湾,新湾花园南园,95.00,2室1厅1卫,精装修,南 北,有,民水,民电,有,集中供暖,半年付,1800,1800,0,需咨询,"['精装', '集中供暖']"
西青,张家窝,融侨方圆,89.26,3室1厅1卫,,东南,有,民水,民电,有,集中供暖,季付,1500,1500,0,需咨询,['集中供暖']
河东,中山门街,丰乐里,64.49,2室1厅1卫,精装修,北,无,民水,民电,有,集中供暖,月付,2866,2866,286.6,0,"['公寓', '近地铁', '精装', '集中供暖', '押一付一']"
西青,张家窝,金融街融汇,21.00,3室1厅1卫,精装修,南,有,民水,民电,有,集中供暖,月付,1638,1638,163.8,0,"['公寓', '精装', '集中供暖', '押一付一']"
河北,望海楼,金波里,50.70,1室1厅1卫,精装修,南,无,暂无数据,暂无数据,有,集中供暖,季付,1800,1800,0,需咨询,"['近地铁', '精装', '集中供暖', '随时看房']"
东丽,新立街,民航小区,64.00,2室1厅1卫,,南 北,无,暂无数据,暂无数据,暂无数据,暂无数据,需咨询,1700,1700,0,需咨询,['近地铁']
武清,武清其它,麒麟公馆,45.00,1室1厅1卫,精装修,南,有,商水,商电,有,集中供暖,季付,1600,1600,0,需咨询,"['精装', '集中供暖', '随时看房', '非居住房屋']"
红桥,邵公庄,西青道楼,15.00,2室1厅1卫,精装修,南,无,民水,民电,有,集中供暖,月付,1428,1428,142.8,0,"['公寓', '近地铁', '精装', '集中供暖', '押一付一', '随时看房']"
南开,王顶堤,堤翠家园,11.02,3室1厅1卫,精装修,南,有,民水,民电,有,集中供暖,月付,1428,1428,142.8,0,"['公寓', '近地铁', '精装', '集中供暖', '押一付一']"
北辰,双街,融创东岸名郡,117.60,3室2厅1卫,,南 北,有,民水,民电,有,集中供暖,季付,600,600,0,需咨询,"['集中供暖', '随时看房']"
静海,团泊西,天津锦绣学府,80.00,2室1厅1卫,,南 北,有,民水,民电,有,集中供暖,季付,800,800,0,需咨询,"['集中供暖', '随时看房']"
河东,太阳城,橙翠园,15.60,4室1厅1卫,精装修,南,有,民水,民电,有,集中供暖,月付,1249,1249,124.9,0,"['公寓', '精装', '独立阳台', '集中供暖', '押一付一', '随时看房']"
和平,新兴街,振河里,40.43,1室1厅1卫,精装修,南,无,民水,民电,有,集中供暖,月付,2793,2793,279.3,0,"['公寓', '近地铁', '精装', '集中供暖', '押一付一', '随时看房']"
红桥,咸阳北路,建平楼,40.38,1室1厅1卫,,东 西,无,民水,民电,有,集中供暖,季付,1500,1500,0,需咨询,"['近地铁', '集中供暖', '随时看房']"
武清,东蒲洼街,经纬城市绿洲武清,103.52,3室2厅1卫,精装修,南,有,民水,民电,有,集中供暖,季付,1800,1800,0,需咨询,"['精装', '集中供暖']"
南开,王顶堤,融创中心,45.00,1室1厅1卫,精装修,西,有,商水,商电,有,集中供暖,月付,3076,3076,307.6,0,"['公寓', '近地铁', '精装', '集中供暖', '押一付一']"
北辰,宜兴埠,未来城夏岚苑,11.00,4室1厅1卫,精装修,南,有,民水,民电,有,集中供暖,月付,1218,1218,121.8,0,"['公寓', '近地铁', '精装', '集中供暖', '押一付一', '随时看房']"
河西,陈塘庄,中海寰宇天下,11.00,3室1厅1卫,精装修,南,有,民水,民电,有,集中供暖,月付,1200,1200,120,0,"['公寓', '月租', '近地铁', '精装', '集中供暖', '押一付一', '随时看房']"
北辰,宜兴埠,金地成宁府,10.30,4室1厅1卫,精装修,南,有,民水,民电,有,集中供暖,月付,1081,1081,108.1,0,"['公寓', '近地铁', '精装', '集中供暖', '押一付一', '随时看房']"
红桥,西于庄,子牙里,40.72,1室1厅1卫,,南,无,民水,民电,有,集中供暖,季付,1100,1100,0,需咨询,"['集中供暖', '随时看房']"
南开,王顶堤,华宁北里,38.27,1室1厅1卫,精装修,南,无,民水,民电,有,集中供暖,月付,2614,2614,261.4,0,"['公寓', '近地铁', '精装', '集中供暖', '押一付一']"
武清,东蒲洼街,悦光年,33.00,1室1厅1卫,精装修,南,有,商水,商电,无,集中供暖,季付,1100,1100,0,需咨询,"['精装', '集中供暖', '非居住房屋']"
南开,广开街,级升里,35.47,1室1厅1卫,精装修,南 北,无,民水,民电,有,集中供暖,季付,2300,2300,0,需咨询,"['近地铁', '精装', '集中供暖', '随时看房']"
河北,月牙河,满江里,39.00,1室1厅1卫,,南,无,民水,民电,有,集中供暖,季付,1150,1150,0,需咨询,['集中供暖']
武清,武清其它,碧桂园莫奈的湖,108.28,3室2厅1卫,精装修,南 北,有,民水,民电,有,集中供暖,季付,1100,1100,0,需咨询,"['精装', '集中供暖']"
河西,越秀路,中孚大厦,26.38,1室0厅0卫,,北,有,商水,商电,无,集中供暖,季付,2000,2000,0,需咨询,"['集中供暖', '非居住房屋']"
西青,杨柳青,青朗园,58.47,2室2厅2卫,,南,有,民水,民电,有,集中供暖,季付,1700,1700,0,需咨询,"['集中供暖', '双卫生间', '非居住房屋']"
